id,name
1,介壽村
2,復興村、福沃村
3,清水村、珠螺村
4,仁愛村、津沙村、馬祖村、四維村
5,塘岐村、后沃村
6,橋仔村、芹壁村、坂里村、白沙村
7,青帆村、田沃村、西坵村
8,福正村、大坪村
9,中柳村、樂華村
10,玉田村
11,塔樓村
12,潮厝村
13,大平村
14,永春村
15,春林村
16,過江村
17,鐵店村
18,茄苳村
19,載興村
20,土庫村
21,三廍村
22,中和村
23,瀰力村
24,高樹村
25,長榮村
26,東興村
27,東振村
28,源泉村
29,建興村
30,大埔村
31,菜寮村
32,司馬村
33,舊寮村
34,新豐村
35,泰山村
36,南華村
37,廣福村
38,廣興村
39,舊庄村
40,田子村
41,鹽樹村
42,新南村
43,大社村
44,德文村
45,達來村
46,三地村
47,賽嘉村
48,口社村
49,馬兒村
50,安坡村
51,青山村
52,青葉村
53,霧台村
54,吉露村
55,阿禮村
56,好茶村
57,佳暮村
58,大武村
59,瑪家村
60,北葉村
61,三和村
62,凉山村
63,佳義村
64,排灣村
65,九清村
66,九塊村
67,九明村
68,大坵村
69,玉水村
70,玉泉村
71,東寧村
72,三塊村
73,耆老村
74,後庄村
75,洽興村
76,鹽北村
77,鹽中村
78,鹽南村
79,仕絨村
80,高朗村
81,振興村
82,久愛村
83,新圍村
84,新二村
85,彭厝村
86,洛陽村
87,永隆村
88,進興村
89,新潭村
90,潭頭村
91,香楊村
92,長興村
93,崙上村
94,德榮村
95,德和村
96,復興村
97,德成村
98,德協村
99,繁昌村
100,繁榮村
101,繁隆村
102,繁華村
103,榮華村
104,新田村
105,麟頂村
106,麟蹄村
107,麟趾村
108,田中村
109,田心村
110,田道村
111,大同里
112,光榮里
113,大埔里
114,維新里
115,楠樹里
116,金泉里
117,橋南里
118,橋北里
119,大連里
120,豐年里
121,豐田里
122,豐榮里
123,豐源里
124,長春里
125,瑞光里
126,湖南里
127,湖西里
128,歸心里
129,清溪里
130,大武里
131,崇武里
132,前進里
133,永光里
134,長安里
135,大洲里
136,安鎮里
137,公館里
138,新興里
139,新生里
140,頂宅里
141,頂柳里
142,大湖里
143,龍華里
144,玉成里
145,建國里
146,厚生里
147,一心里
148,義勇里
149,永安里
150,崇陽里
151,崇蘭里
152,潭墘里
153,永城里
154,空翔里
155,廣興里
156,勝利里
157,斯文里
158,華山里
159,溝美里
160,公園里
161,仁愛里
162,北興里
163,北勢里
164,中正里
165,三山里
166,海豐里
167,仁義里
168,信和里
169,和興里
170,內埔村
171,內田村
172,興南村
173,義亭村
174,美和村
175,和興村
176,豐田村
177,振豐村
178,富田村
179,竹圍村
180,東勢村
181,東片村
182,上樹村
183,老埤村
184,中林村
185,龍泉村
186,龍潭村
187,大新村
188,黎明村
189,隘寮村
190,水門村
191,香社村
192,新庄村
193,新鐘村
194,水仙村
195,興全村
196,興安村
197,甘棠村
198,萬惠村
199,萬全村
200,萬後村
201,萬安村
202,萬生村
203,寶厝村
204,四維村
205,竹林村
206,水泉村
207,田厝村
208,崙頂村
209,厦北村
210,厦南村
211,後村村
212,灣內村
213,上村村
214,加興村
215,社口村
216,磚寮村
217,社皮村
218,社中村
219,社上村
220,廣安村
221,佳平村
222,武潭村
223,平和村
224,佳興村
225,泰武村
226,竹田村
227,竹南村
228,糶糴村
229,履豐村
230,頭崙村
231,二崙村
232,美崙村
233,南勢村
234,西勢村
235,福田村
236,永豐村
237,六巷村
238,泗洲村
239,大湖村
240,鳳明村
241,萬巒村
242,萬和村
243,鹿寮村
244,硫黃村
245,泗溝村
246,五溝村
247,成德村
248,赤山村
249,萬金村
250,佳佐村
251,佳和村
252,新厝村
253,新置村
254,潮州里
255,光華里
256,同榮里
257,彭城里
258,三星里
259,三共里
260,三和里
261,九塊里
262,新榮里
263,五魁里
264,蓬萊里
265,八爺里
266,永春里
267,富春里
268,光春里
269,興美里
270,檨子里
271,泗林里
272,四春里
273,崙東里
274,瓦磘村
275,仙吉村
276,田洋村
277,港墘村
278,內庄村
279,新東村
280,新園村
281,港西村
282,烏龍村
283,興龍村
284,中洲村
285,南龍村
286,五房村
287,鹽埔村
288,共和村
289,崁頂村
290,園寮村
291,力社村
292,圍內村
293,洲子村
294,北勢村
295,越溪村
296,港東村
297,溪洲村
298,溪南村
299,七塊村
300,萬華村
301,仁里村
302,溪北村
303,米崙村
304,壽元村
305,同安村
306,南安村
307,新埤村
308,建功村
309,打鐵村
310,南豐村
311,萬隆村
312,餉潭村
313,箕湖村
314,來義村
315,義林村
316,丹林村
317,古樓村
318,文樂村
319,望嘉村
320,南和村
321,新勝里
322,頂中里
323,內關帝里
324,東新里
325,新街里
326,東光里
327,興農里
328,福德里
329,朝安里
330,東隆里
331,豐漁里
332,盛漁里
333,興漁里
334,鎮海里
335,嘉蓮里
336,南平里
337,東津里
338,船頭里
339,下廍里
340,大潭里
341,興和里
342,共和里
343,林邊村
344,光林村
345,永樂村
346,仁和村
347,崎峯村
348,水利村
349,鎮安村
350,佳冬村
351,六根村
352,賴家村
353,萬建村
354,石光村
355,玉光村
356,昌隆村
357,豐隆村
358,大同村
359,羌園村
360,燄溫村
361,塭豐村
362,枋寮村
363,新龍村
364,保生村
365,中寮村
366,安樂村
367,隆山村
368,天時村
369,地利村
370,人和村
371,內寮村
372,新開村
373,東海村
374,大庄村
375,太源村
376,春日村
377,古華村
378,士文村
379,七佳村
380,歸崇村
381,力里村
382,枋山村
383,加祿村
384,楓港村
385,善餘村
386,內文村
387,草埔村
388,丹路村
389,楓林村
390,竹坑村
391,獅子村
392,內獅村
393,南世村
394,石門村
395,牡丹村
396,東源村
397,旭海村
398,高士村
399,四林村
400,海口村
401,福興村
402,福安村
403,統埔村
404,溫泉村
405,保力村
406,新街村
407,埔墘村
408,射寮村
409,後灣村
410,滿州村
411,里德村
412,响林村
413,永靖村
414,港口村
415,長樂村
416,九棚村
417,港仔村
418,城南里
419,城北里
420,城西里
421,網紗里
422,仁壽里
423,茄湖里
424,頭溝里
425,四溝里
426,德和里
427,龍水里
428,山海里
429,大光里
430,水泉里
431,山腳里
432,南灣里
433,墾丁里
434,鵝鑾里
435,本福村
436,中福村
437,漁福村
438,大福村
439,南福村
440,天福村
441,上福村
442,杉福村
443,後壁里
444,侯伯里
445,嘉苳里
446,土溝里
447,上茄苳里
448,菁豐里
449,菁寮里
450,新嘉里
451,長短樹里
452,竹新里
453,新東里
454,頂安里
455,福安里
456,白河里
457,外角里
458,庄內里
459,秀祐里
460,河東里
461,虎山里
462,大林里
463,崁頭里
464,六溪里
465,關嶺里
466,仙草里
467,詔豐里
468,大竹里
469,廣蓮里
470,竹門里
471,崎內里
472,昇安里
473,汴頭里
474,內角里
475,馬稠後里
476,永隆里
477,北門里
478,玉港里
479,保吉里
480,蚵寮里
481,雙春里
482,錦湖里
483,慈安里
484,三光里
485,文山里
486,秀昌里
487,明宜里
488,慈福里
489,仁得里
490,新達里
491,大灣里
492,豐和里
493,中洲里
494,宅港里
495,平和里
496,三慶里
497,水秀里
498,津城里
499,月港里
500,岸內里
501,汫水里
502,義中里
503,三明里
504,文昌里
505,歡雅里
506,竹林里
507,坔頭港里
508,忠政里
509,民權里
510,三仙里
511,永平里
512,大宏里
513,王公里
514,中營里
515,土庫里
516,興業里
517,南興里
518,民生里
519,新北里
520,新南里
521,民榮里
522,埤寮里
523,護鎮里
524,太南里
525,太北里
526,南紙里
527,嘉芳里
528,姑爺里
529,五興里
530,士林里
531,光福里
532,中埕里
533,東昇里
534,八翁里
535,人和里
536,太康里
537,重溪里
538,篤農里
539,大農里
540,神農里
541,果毅里
542,旭山里
543,東山里
544,東中里
545,東正里
546,大客里
547,三榮里
548,科里里
549,東河里
550,聖賢里
551,南溪里
552,水雲里
553,林安里
554,東原里
555,嶺南里
556,南勢里
557,青山里
558,高原里
559,長榮里
560,西甲里
561,忠嘉里
562,苓仔寮里
563,巷埔里
564,將軍里
565,玉山里
566,廣山里
567,長沙里
568,平沙里
569,鯤鯓里
570,鯤溟里
571,下營里
572,仁里里
573,宅內里
574,後街里
575,營前里
576,大吉里
577,茅營里
578,開化里
579,西連里
580,賀建里
581,紅甲里
582,六甲里
583,甲東里
584,甲南里
585,七甲里
586,二甲里
587,水林里
588,中社里
589,龜港里
590,菁埔里
591,王爺里
592,大丘里
593,後港里
594,篤加里
595,頂山里
596,西寮里
597,塩埕里
598,中寮里
599,龍山里
600,溪南里
601,七股里
602,大埕里
603,樹林里
604,竹橋里
605,義合里
606,永吉里
607,三股里
608,十份里
609,東寧里
610,忠仁里
611,鎮山里
612,安西里
613,文新里
614,建南里
615,六安里
616,佳化里
617,佳興里
618,營溪里
619,海澄里
620,塭內里
621,民安里
622,子龍里
623,巷口里
624,東角里
625,晋江里
626,中興里
627,油車里
628,清水里
629,寮廍里
630,埤頭里
631,海埔里
632,港尾里
633,麻口里
634,安業里
635,謝厝寮里
636,安正里
637,井東里
638,官田里
639,二鎮里
640,烏山頭里
641,大崎里
642,隆田里
643,隆本里
644,南廍里
645,東西庄里
646,渡拔里
647,社子里
648,東關里
649,坐駕里
650,光文里
651,南關里
652,頂街里
653,文正里
654,胡家里
655,胡厝里
656,什乃里
657,溪美里
658,六分里
659,六德里
660,田寮里
661,昌隆里
662,牛庄里
663,嘉北里
664,嘉南里
665,小新里
666,蓮潭里
667,石湖里
668,石林里
669,石城里
670,內江里
671,大內里
672,內郭里
673,頭社里
674,環湖里
675,二溪里
676,曲溪里
677,玉井里
678,玉田里
679,竹圍里
680,沙田里
681,三埔里
682,望明里
683,層林里
684,豐里里
685,楠西里
686,灣丘里
687,密枝里
688,照興里
689,鹿田里
690,龜丹里
691,東勢里
692,西港里
693,慶安里
694,南海里
695,港東里
696,檨林里
697,後營里
698,營西里
699,金砂里
700,劉厝里
701,永樂里
702,新復里
703,蘇林里
704,蘇厝里
705,安定里
706,安加里
707,中榮里
708,港口里
709,港南里
710,嘉同里
711,中沙里
712,新吉里
713,海寮里
714,文科里
715,明和里
716,南洲里
717,山上里
718,新莊里
719,玉峯里
720,平陽里
721,豐德里
722,光和里
723,榮和里
724,左鎮里
725,睦光里
726,內庄里
727,岡林里
728,草山里
729,二寮里
730,澄山里
731,南化里
732,小崙里
733,東和里
734,西埔里
735,中坑里
736,北平里
737,北寮里
738,關山里
739,南里
740,州南里
741,州北里
742,安順里
743,新順里
744,安慶里
745,溪北里
746,安和里
747,溪頂里
748,安東里
749,鳳凰里
750,梅花里
751,理想里
752,海東里
753,大安里
754,原佃里
755,公親里
756,布袋里
757,總頭里
758,學東里
759,公里
760,佃東里
761,佃西里
762,淵西里
763,海西里
764,溪心里
765,淵東里
766,淵中里
767,溪墘里
768,海佃里
769,國安里
770,溪東里
771,安富里
772,幸福里
773,海南里
774,城東里
775,青草里
776,城中里
777,砂崙里
778,媽祖宮里
779,鹿耳里
780,四草里
781,塩田里
782,開元里
783,元寶里
784,合興里
785,力行里
786,重興里
787,東興里
788,長勝里
789,振興里
790,中樓里
791,永祥里
792,大興里
793,北華里
794,長興里
795,小北里
796,正覺里
797,成功里
798,華德里
799,成德里
800,和順里
801,立人里
802,雙安里
803,文成里
804,元美里
805,文元里
806,大和里
807,大港里
808,大豐里
809,賢北里
810,新市里
811,新和里
812,社內里
813,豐華里
814,三舍里
815,大營里
816,大社里
817,潭頂里
818,港墘里
819,永就里
820,五王里
821,三合里
822,六合里
823,網寮里
824,二王里
825,永康里
826,埔園里
827,龍埔里
828,正強里
829,大橋里
830,東橋里
831,西橋里
832,安康里
833,蔦松里
834,三民里
835,塩行里
836,塩興里
837,塩洲里
838,甲頂里
839,尚頂里
840,龍潭里
841,永明里
842,王行里
843,烏竹里
844,西勢里
845,新樹里
846,東灣里
847,西灣里
848,崑山里
849,北灣里
850,復興里
851,光復里
852,復國里
853,復華里
854,神洲里
855,中華里
856,武安里
857,東榮里
858,護國里
859,太平里
860,協興里
861,唪口里
862,全興里
863,崙頂里
864,知義里
865,山脚里
866,大坑里
867,𦰡拔里
868,羊林里
869,礁坑里
870,文平里
871,建平里
872,怡平里
873,華平里
874,平通里
875,億載里
876,育平里
877,國平里
878,漁光里
879,平安里
880,天妃里
881,王城里
882,金城里
883,赤嵌里
884,郡王里
885,法華里
886,開山里
887,永華里
888,藥王里
889,光賢里
890,大涼里
891,西湖里
892,西賢里
893,城隍里
894,南美里
895,南門里
896,小西門里
897,五條港里
898,兌悅里
899,淺草里
900,府前里
901,南廠里
902,西和里
903,大恩里
904,大忠里
905,竹溪里
906,明德里
907,大成里
908,再興里
909,廣州里
910,新昌里
911,文華里
912,文南里
913,金華里
914,國宅里
915,鹽埕里
916,光明里
917,明亮里
918,府南里
919,明興里
920,郡南里
921,南都里
922,南華里
923,開南里
924,彰南里
925,喜北里
926,喜南里
927,喜東里
928,省躬里
929,永寧里
930,松安里
931,佛壇里
932,同安里
933,崇信里
934,崇學里
935,大學里
936,成大里
937,東門里
938,圍下里
939,中西里
940,東安里
941,忠孝里
942,大福里
943,大德里
944,路東里
945,泉南里
946,德光里
947,崇德里
948,崇善里
949,崇成里
950,崇文里
951,東智里
952,大智里
953,德高里
954,仁和里
955,和平里
956,虎尾里
957,裕聖里
958,自強里
959,東聖里
960,關聖里
961,南聖里
962,文聖里
963,後甲里
964,東明里
965,莊敬里
966,小東里
967,崇誨里
968,衛國里
969,裕農里
970,富強里
971,富裕里
972,崇明里
973,太子里
974,一甲里
975,仁德里
976,新田里
977,上崙里
978,文賢里
979,保安里
980,二行里
981,大甲里
982,南保里
983,歸南里
984,後市里
985,文化里
986,辜厝里
987,新厝里
988,許厝里
989,看西里
990,看東里
991,沙崙里
992,武東里
993,歸仁里
994,八甲里
995,媽廟里
996,大廟里
997,關廟里
998,山西里
999,香洋里
1000,新埔里
1001,新光里
1002,五甲里
1003,松腳里
1004,花園里
1005,深坑里
1006,龜洞里
1007,下湖里
1008,崎頂里
1009,土崎里
1010,楠坑里
1011,大坪里
1012,石𥕢里
1013,龍船里
1014,牛埔里
1015,麥豐村
1016,麥津村
1017,興華村
1018,海豐村
1019,後安村
1020,中興村
1021,三盛村
1022,崙後村
1023,橋頭村
1024,新吉村
1025,施厝村
1026,雷厝村
1027,台西村
1028,海南村
1029,海北村
1030,山寮村
1031,溪頂村
1032,牛厝村
1033,泉州村
1034,五榔村
1035,光華村
1036,五港村
1037,富琦村
1038,和豐村
1039,蚊港村
1040,月眉村
1041,嘉隆村
1042,東南村
1043,東北村
1044,程海村
1045,昌南村
1046,安南村
1047,四美村
1048,新坤村
1049,中民村
1050,埔姜村
1051,中勝村
1052,馬鳴村
1053,新湖村
1054,有才村
1055,龍岩村
1056,忠正里
1057,順天里
1058,宮北里
1059,越港里
1060,溪邊里
1061,石廟里
1062,興新里
1063,奮起里
1064,埤腳里
1065,後埔里
1066,崙內里
1067,大荖里
1068,東平里
1069,西平里
1070,新庄里
1071,東仁里
1072,公安里
1073,德興里
1074,中山里
1075,西安里
1076,立仁里
1077,興南里
1078,穎川里
1079,延平里
1080,埒內里
1081,堀頭里
1082,安溪里
1083,興中里
1084,廉使里
1085,惠來里
1086,頂溪里
1087,中溪里
1088,下溪里
1089,東屯里
1090,西屯里
1091,芳草里
1092,墾地里
1093,北溪里
1094,四湖村
1095,湖西村
1096,溪底村
1097,鹿場村
1098,蔡厝村
1099,湖寮村
1100,施湖村
1101,羊調村
1102,內湖村
1103,飛東村
1104,飛沙村
1105,三姓村
1106,崙北村
1107,崙南村
1108,廣溝村
1109,萡子村
1110,萡東村
1111,林厝村
1112,林東村
1113,溪尾村
1114,長南村
1115,長北村
1116,子茂村
1117,後湖村
1118,山內村
1119,合和村
1120,五塊村
1121,潭西村
1122,潭東村
1123,客厝村
1124,卓運村
1125,頂寮村
1126,下寮村
1127,西莊村
1128,鹿北村
1129,鹿南村
1130,崙仔村
1131,口湖村
1132,湖東村
1133,頂湖村
1134,埔南村
1135,埔北村
1136,謝厝村
1137,蚵寮村
1138,下崙村
1139,崙中村
1140,崙東村
1141,青蚶村
1142,台子村
1143,成龍村
1144,梧南村
1145,梧北村
1146,水井村
1147,後厝村
1148,湖口村
1149,過港村
1150,水北村
1151,水南村
1152,萬興村
1153,尖山村
1154,大溝村
1155,順興村
1156,大山村
1157,後寮村
1158,春埔村
1159,西井村
1160,車港村
1161,蘇秦村
1162,灣東村
1163,灣西村
1164,蕃薯村
1165,山腳村
1166,松北村
1167,松中村
1168,松西村
1169,瓊埔村
1170,塭底村
1171,海埔村
1172,土厝村
1173,溪墘村
1174,東陽里
1175,光民里
1176,東華里
1177,南安里
1178,中和里
1179,義民里
1180,共榮里
1181,賜福里
1182,公舘里
1183,仁安里
1184,華勝里
1185,扶朝里
1186,水埔里
1187,後溝里
1188,府番里
1189,草湖里
1190,溝皂里
1191,番溝里
1192,大北里
1193,好收里
1194,樹腳里
1195,東明村
1196,西榮村
1197,南陽村
1198,崙前村
1199,羅厝村
1200,港尾村
1201,阿勸村
1202,五魁村
1203,大有村
1204,豐榮村
1205,草湖村
1206,水尾村
1207,枋南村
1208,崙西村
1209,來惠村
1210,湳仔村
1211,田尾村
1212,定安村
1213,永定村
1214,大華村
1215,義庄村
1216,楊賢村
1217,港後村
1218,大義村
1219,油車村
1220,庄西村
1221,大園里
1222,廣福里
1223,正興里
1224,福興里
1225,漢光里
1226,新安里
1227,新豐里
1228,大新里
1229,鹿場里
1230,頂湳里
1231,吳厝里
1232,九隆里
1233,下湳里
1234,七座里
1235,詔安里
1236,河南里
1237,福田里
1238,莿桐村
1239,甘厝村
1240,甘西村
1241,興桐村
1242,義和村
1243,埔子村
1244,大美村
1245,埔尾村
1246,興貴村
1247,饒平村
1248,四合村
1249,麻園村
1250,五華村
1251,六合村
1252,林南村
1253,林中村
1254,林北村
1255,坪頂村
1256,林茂村
1257,九芎村
1258,湖本村
1259,烏塗村
1260,烏麻村
1261,重興村
1262,信義里
1263,四維里
1264,光興里
1265,鎮西里
1266,鎮東里
1267,三平里
1268,鎮北里
1269,公誠里
1270,八德里
1271,公正里
1272,重光里
1273,林頭里
1274,鎮南里
1275,社口里
1276,嘉東里
1277,崙峯里
1278,溝埧里
1279,江厝里
1280,久安里
1281,正心里
1282,虎溪里
1283,保庄里
1284,長平里
1285,榴中里
1286,榴北里
1287,榴南里
1288,梅林里
1289,湖山里
1290,溪洲里
1291,十三里
1292,北和村
1293,吉田村
1294,豐岡村
1295,聯美村
1296,大德村
1297,松竹村
1298,尚義村
1299,嘉興村
1300,三結村
1301,怡然村
1302,北鎮村
1303,西鎮村
1304,西岐里
1305,南昌里
1306,北銘里
1307,中天里
1308,林子里
1309,石龜里
1310,石溪里
1311,靖興里
1312,阿丹里
1313,舊社里
1314,明昌里
1315,僑真里
1316,大東里
1317,埤麻里
1318,西伯里
1319,新崙里
1320,田頭里
1321,棋盤村
1322,東和村
1323,荷苞村
1324,高林村
1325,水碓村
1326,古坑村
1327,朝陽村
1328,西平村
1329,永光村
1330,永昌村
1331,崁腳村
1332,華南村
1333,華山村
1334,桂林村
1335,樟湖村
1336,草嶺村
1337,長潭里
1338,砂子里
1339,八斗里
1340,碧砂里
1341,新富里
1342,平寮里
1343,社寮里
1344,和憲里
1345,海濱里
1346,正濱里
1347,中濱里
1348,砂灣里
1349,真砂里
1350,正砂里
1351,中砂里
1352,入船里
1353,正船里
1354,中船里
1355,港通里
1356,義重里
1357,正義里
1358,德義里
1359,義昭里
1360,義幸里
1361,義和里
1362,智慧里
1363,智誠里
1364,禮儀里
1365,禮東里
1366,信綠里
1367,東信里
1368,孝賢里
1369,孝忠里
1370,孝德里
1371,孝深里
1372,孝岡里
1373,林泉里
1374,花崗里
1375,虹橋里
1376,水錦里
1377,智仁里
1378,和明里
1379,忠勇里
1380,博愛里
1381,福仁里
1382,誠仁里
1383,吉仁里
1384,育仁里
1385,英仁里
1386,龍門里
1387,德厚里
1388,曲水里
1389,文安里
1390,兆連里
1391,獅球里
1392,書院里
1393,朝棟里
1394,同風里
1395,新店里
1396,新建里
1397,安民里
1398,安平里
1399,民治里
1400,仁正里
1401,健民里
1402,通化里
1403,居仁里
1404,通明里
1405,仙洞里
1406,太白里
1407,協和里
1408,德安里
1409,和慶里
1410,西康里
1411,西定里
1412,西華里
1413,西榮里
1414,新西里
1415,西川里
1416,定國里
1417,定邦里
1418,慈仁里
1419,干城里
1420,樂一里
1421,嘉仁里
1422,壯觀里
1423,五福里
1424,七賢里
1425,長樂里
1426,鶯歌里
1427,鶯安里
1428,興寮里
1429,外寮里
1430,武崙里
1431,中崙里
1432,內寮里
1433,八西里
1434,八中里
1435,八堵里
1436,八南里
1437,過港里
1438,暖暖里
1439,暖同里
1440,暖東里
1441,暖西里
1442,碇內里
1443,碇和里
1444,碇祥里
1445,碇安里
1446,正光里
1447,正明里
1448,富民里
1449,泰安里
1450,六堵里
1451,堵南里
1452,堵北里
1453,百福里
1454,實踐里
1455,瑪南里
1456,瑪東里
1457,瑪西里
1458,友一里
1459,友二里
1460,德茂里
1461,富基里
1462,老梅里
1463,山溪里
1464,石門里
1465,尖鹿里
1466,乾華里
1467,茂林里
1468,草里里
1469,八賢里
1470,埔頭里
1471,古庄里
1472,埔坪里
1473,茂長里
1474,橫山里
1475,錫板里
1476,後厝里
1477,圓山里
1478,店子里
1479,興華里
1480,屯山里
1481,賢孝里
1482,興仁里
1483,蕃薯里
1484,忠山里
1485,義山里
1486,水源里
1487,忠寮里
1488,樹興里
1489,坪頂里
1490,八勢里
1491,竿蓁里
1492,崁頂里
1493,埤島里
1494,水碓里
1495,北新里
1496,正德里
1497,新義里
1498,新春里
1499,新民里
1500,北投里
1501,鄧公里
1502,學府里
1503,長庚里
1504,清文里
1505,草東里
1506,協元里
1507,大庄里
1508,龍源里
1509,米倉里
1510,大崁里
1511,頂罟里
1512,舊城里
1513,訊塘里
1514,荖阡里
1515,長坑里
1516,下罟里
1517,東林里
1518,林口里
1519,西林里
1520,菁湖里
1521,中湖里
1522,湖北里
1523,麗林里
1524,麗園里
1525,頂福里
1526,下福里
1527,嘉寶里
1528,瑞平里
1529,大科里
1530,黎明里
1531,福泰里
1532,楓樹里
1533,同興里
1534,義學里
1535,義仁里
1536,明志里
1537,泰友里
1538,新明里
1539,貴子里
1540,貴賢里
1541,貴和里
1542,興珍里
1543,更寮里
1544,觀音里
1545,集福里
1546,集賢里
1547,成州里
1548,成泰里
1549,五龍里
1550,六福里
1551,民義里
1552,五股里
1553,德音里
1554,德泰里
1555,貿商里
1556,陸一里
1557,中路里
1558,九芎里
1559,中原里
1560,忠義里
1561,南港里
1562,永德里
1563,樓厝里
1564,玉清里
1565,鷺江里
1566,恆德里
1567,仁復里
1568,得勝里
1569,得仁里
1570,保和里
1571,樹德里
1572,民和里
1573,水河里
1574,水湳里
1575,保佑里
1576,保新里
1577,富貴里
1578,碧華里
1579,仁華里
1580,永清里
1581,永順里
1582,富福里
1583,慈化里
1584,慈惠里
1585,慈愛里
1586,永福里
1587,慈生里
1588,慈祐里
1589,富華里
1590,五華里
1591,大有里
1592,二重里
1593,頂崁里
1594,谷王里
1595,五谷里
1596,福祉里
1597,福民里
1598,過田里
1599,錦田里
1600,重明里
1601,光田里
1602,光陽里
1603,田心里
1604,田中里
1605,田安里
1606,光正里
1607,同慶里
1608,菜寮里
1609,吉利里
1610,中民里
1611,光輝里
1612,福星里
1613,福利里
1614,清和里
1615,永興里
1616,國隆里
1617,重陽里
1618,重新里
1619,正安里
1620,中央里
1621,雙園里
1622,錦通里
1623,錦安里
1624,長生里
1625,長元里
1626,長江里
1627,長泰里
1628,長福里
1629,介壽里
1630,萬壽里
1631,錦江里
1632,龍濱里
1633,秀江里
1634,奕壽里
1635,三安里
1636,信安里
1637,順德里
1638,承德里
1639,瑞德里
1640,厚德里
1641,維德里
1642,尚德里
1643,培德里
1644,立德里
1645,永煇里
1646,永發里
1647,永盛里
1648,永豐里
1649,福隆里
1650,五常里
1651,仁忠里
1652,福樂里
1653,五順里
1654,海山里
1655,全安里
1656,全泰里
1657,文衡里
1658,興漢里
1659,文德里
1660,文明里
1661,化成里
1662,頭前里
1663,福基里
1664,昌平里
1665,昌信里
1666,昌明里
1667,自信里
1668,自立里
1669,思源里
1670,思賢里
1671,中美里
1672,恆安里
1673,中泰里
1674,中宏里
1675,中全里
1676,立志里
1677,立廷里
1678,立基里
1679,中誠里
1680,中港里
1681,中信里
1682,中平里
1683,中隆里
1684,立功里
1685,立泰里
1686,立言里
1687,國泰里
1688,泰豐里
1689,瓊林里
1690,福營里
1691,營盤里
1692,丹鳳里
1693,合鳳里
1694,祥鳳里
1695,雙鳳里
1696,龍福里
1697,龍鳳里
1698,裕民里
1699,龍安里
1700,富國里
1701,後德里
1702,萬安里
1703,建福里
1704,建安里
1705,民全里
1706,民有里
1707,民本里
1708,西盛里
1709,三興里
1710,三福里
1711,三多里
1712,三龍里
1713,獇寮里
1714,金寮里
1715,潭底里
1716,文林里
1717,圳安里
1718,圳福里
1719,圳民里
1720,圳生里
1721,樹福里
1722,樹西里
1723,樹人里
1724,育英里
1725,樹南里
1726,坡內里
1727,樹東里
1728,樹北里
1729,彭福里
1730,彭興里
1731,彭厝里
1732,太順里
1733,山佳里
1734,樂山里
1735,柑園里
1736,西園里
1737,南園里
1738,東園里
1739,北園里
1740,建德里
1741,東鶯里
1742,北鶯里
1743,西鶯里
1744,中鶯里
1745,南鶯里
1746,二橋里
1747,尖山里
1748,南靖里
1749,永昌里
1750,鳳祥里
1751,鳳鳴里
1752,鳳福里
1753,東湖里
1754,留侯里
1755,流芳里
1756,赤松里
1757,黃石里
1758,挹秀里
1759,湳興里
1760,社後里
1761,香社里
1762,香雅里
1763,國光里
1764,港德里
1765,漢生里
1766,忠誠里
1767,陽明里
1768,百壽里
1769,華江里
1770,江翠里
1771,純翠里
1772,溪頭里
1773,聯翠里
1774,宏翠里
1775,仁翠里
1776,新翠里
1777,朝陽里
1778,吉翠里
1779,德翠里
1780,新海里
1781,滿翠里
1782,明翠里
1783,松翠里
1784,柏翠里
1785,龍翠里
1786,松柏里
1787,華翠里
1788,莒光里
1789,忠翠里
1790,嵐翠里
1791,文翠里
1792,青翠里
1793,懷翠里
1794,福翠里
1795,港嘴里
1796,埤墘里
1797,振義里
1798,埔墘里
1799,長壽里
1800,福壽里
1801,九如里
1802,正泰里
1803,玉光里
1804,光仁里
1805,雙玉里
1806,廣新里
1807,深丘里
1808,香丘里
1809,東丘里
1810,福丘里
1811,福祿里
1812,民族里
1813,景星里
1814,鄉雲里
1815,廣德里
1816,重慶里
1817,五權里
1818,華興里
1819,華貴里
1820,華福里
1821,華東里
1822,浮洲里
1823,華中里
1824,僑中里
1825,大觀里
1826,歡園里
1827,聚安里
1828,崑崙里
1829,成和里
1830,溪福里
1831,堂春里
1832,連和里
1833,連城里
1834,正行里
1835,德行里
1836,枋寮里
1837,漳和里
1838,廟美里
1839,福真里
1840,福善里
1841,福美里
1842,福祥里
1843,瓦磘里
1844,福和里
1845,佳和里
1846,南山里
1847,平河里
1848,建和里
1849,碧河里
1850,正南里
1851,頂南里
1852,華新里
1853,東南里
1854,華南里
1855,崇南里
1856,景南里
1857,景本里
1858,橫路里
1859,內南里
1860,壽南里
1861,福南里
1862,外南里
1863,吉興里
1864,景平里
1865,景新里
1866,景福里
1867,景安里
1868,景文里
1869,錦和里
1870,錦昌里
1871,灰磘里
1872,積穗里
1873,民享里
1874,員山里
1875,嘉穗里
1876,嘉新里
1877,安穗里
1878,瑞穗里
1879,明穗里
1880,清穗里
1881,德穗里
1882,壽德里
1883,錦中里
1884,錦盛里
1885,員富里
1886,嘉慶里
1887,冠穗里
1888,國華里
1889,宜安里
1890,安樂里
1891,中安里
1892,秀山里
1893,秀成里
1894,秀義里
1895,秀福里
1896,秀景里
1897,秀明里
1898,秀峰里
1899,秀士里
1900,秀水里
1901,秀仁里
1902,網溪里
1903,桂林里
1904,上林里
1905,福林里
1906,勵行里
1907,豫溪里
1908,得和里
1909,永貞里
1910,河濱里
1911,秀和里
1912,永元里
1913,秀朗里
1914,秀林里
1915,秀得里
1916,秀元里
1917,民富里
1918,民樂里
1919,智光里
1920,潭安里
1921,店街里
1922,雙和里
1923,前溪里
1924,保平里
1925,保順里
1926,永成里
1927,後溪里
1928,上溪里
1929,河堤里
1930,新廍里
1931,祖田里
1932,頂新里
1933,頂埔里
1934,沛陂里
1935,員仁里
1936,埤塘里
1937,土城里
1938,長風里
1939,員信里
1940,員林里
1941,員福里
1942,日和里
1943,日新里
1944,裕生里
1945,貨饒里
1946,瑞興里
1947,學成里
1948,埤林里
1949,樂利里
1950,學士里
1951,柑林里
1952,青雲里
1953,清化里
1954,永富里
1955,廷寮里
1956,峯廷里
1957,延吉里
1958,延壽里
1959,延祿里
1960,延和里
1961,三峽里
1962,秀川里
1963,八張里
1964,中埔里
1965,弘道里
1966,永舘里
1967,鳶山里
1968,龍恩里
1969,龍學里
1970,礁溪里
1971,嘉添里
1972,添福里
1973,金圳里
1974,五寮里
1975,插角里
1976,有木里
1977,二鬮里
1978,成福里
1979,竹崙里
1980,安坑里
1981,張南里
1982,國校里
1983,文中里
1984,廣明里
1985,新德里
1986,張北里
1987,五峯里
1988,百忍里
1989,百和里
1990,國豐里
1991,江陵里
1992,寶興里
1993,寶福里
1994,寶安里
1995,大鵬里
1996,美城里
1997,頂城里
1998,下城里
1999,柴埕里
2000,公崙里
2001,安昌里
2002,達觀里
2003,明城里
2004,小城里
2005,雙城里
2006,香坡里
2007,日興里
2008,玫瑰里
2009,吉祥里
2010,塗潭里
2011,華城里
2012,青潭里
2013,美潭里
2014,員潭里
2015,雙坑里
2016,粗坑里
2017,屈尺里
2018,龜山里
2019,直潭里
2020,萬順里
2021,萬福里
2022,埔新里
2023,昇高里
2024,賴仲里
2025,阿柔里
2026,石碇里
2027,潭邊里
2028,烏塗里
2029,彭山里
2030,隆盛里
2031,豐林里
2032,永定里
2033,格頭里
2034,坪林里
2035,水德里
2036,粗窟里
2037,上德里
2038,忠治里
2039,烏來里
2040,孝義里
2041,信賢里
2042,福山里
2043,磺港里
2044,金美里
2045,五湖里
2046,美田里
2047,重和里
2048,兩湖里
2049,六股里
2050,三界里
2051,清泉里
2052,萬里里
2053,北基里
2054,龜吼里
2055,野柳里
2056,磺潭里
2057,雙興里
2058,溪底里
2059,崁脚里
2060,中幅里
2061,禮門里
2062,信望里
2063,白雲里
2064,茄苳里
2065,橋東里
2066,建成里
2067,保長里
2068,鄉長里
2069,江北里
2070,拱北里
2071,烘內里
2072,八連里
2073,長青里
2074,北峰里
2075,金龍里
2076,樟樹里
2077,山光里
2078,興福里
2079,康福里
2080,湖光里
2081,湖蓮里
2082,湖興里
2083,北山里
2084,環河里
2085,橫科里
2086,宜興里
2087,薯榔里
2088,菁桐里
2089,白石里
2090,石底里
2091,平溪里
2092,嶺腳里
2093,十分里
2094,望古里
2095,新寮里
2096,平湖里
2097,龍興里
2098,龍鎮里
2099,龍川里
2100,爪峯里
2101,新峰里
2102,柑坪里
2103,弓橋里
2104,猴硐里
2105,碩仁里
2106,吉慶里
2107,吉安里
2108,上天里
2109,傑魚里
2110,基山里
2111,永慶里
2112,福住里
2113,頌德里
2114,瓜山里
2115,銅山里
2116,新山里
2117,石山里
2118,濓洞里
2119,濓新里
2120,南雅里
2121,鼻頭里
2122,瑞濱里
2123,深澳里
2124,雙溪里
2125,新基里
2126,三港里
2127,牡丹里
2128,三貂里
2129,平林里
2130,外柑里
2131,長源里
2132,魚行里
2133,泰平里
2134,貢寮里
2135,龍崗里
2136,吉林里
2137,福連里
2138,真理里
2139,美豐里
2140,和美里
2141,育賢里
2142,親仁里
2143,榮光里
2144,錦華里
2145,復中里
2146,建華里
2147,綠水里
2148,千甲里
2149,豐功里
2150,武功里
2151,軍功里
2152,建功里
2153,科園里
2154,埔頂里
2155,關新里
2156,關東里
2157,金山里
2158,仙水里
2159,仙宮里
2160,關帝里
2161,南市里
2162,寺前里
2163,竹蓮里
2164,下竹里
2165,頂竹里
2166,南大里
2167,光鎮里
2168,高峰里
2169,湖濱里
2170,柴橋里
2171,明湖里
2172,西門里
2173,潛園里
2174,崇禮里
2175,石坊里
2176,台溪里
2177,西雅里
2178,客雅里
2179,中雅里
2180,長和里
2181,磐石里
2182,新雅里
2183,文雅里
2184,水田里
2185,湳雅里
2186,金雅里
2187,湳中里
2188,金竹里
2189,武陵里
2190,境福里
2191,古賢里
2192,南寮里
2193,康樂里
2194,港北里
2195,舊港里
2196,埔前里
2197,樹下里
2198,浸水里
2199,虎林里
2200,東香里
2201,香村里
2202,香山里
2203,美山里
2204,朝山里
2205,鹽水里
2206,內湖里
2207,中隘里
2208,南隘里
2209,建軍里
2210,泰山里
2211,負郭里
2212,七結里
2213,進士里
2214,南橋里
2215,凱旋里
2216,南津里
2217,建業里
2218,擺厘里
2219,東村里
2220,七張里
2221,孝廉里
2222,菜園里
2223,茭白里
2224,北津里
2225,梅洲里
2226,開明里
2227,新群里
2228,羅莊里
2229,南豪里
2230,漢民里
2231,維揚里
2232,北成里
2233,賢文里
2234,集祥里
2235,龍德里
2236,頂寮里
2237,永榮里
2238,存仁里
2239,港邊里
2240,隘丁里
2241,新城里
2242,聖愛里
2243,聖湖里
2244,蘇西里
2245,蘇北里
2246,蘇南里
2247,蘇東里
2248,南正里
2249,南成里
2250,南寧里
2251,南建里
2252,東澳里
2253,南強里
2254,大里里
2255,大溪里
2256,更新里
2257,外澳里
2258,武營里
2259,竹安里
2260,拔雅里
2261,福成里
2262,金面里
2263,金盈里
2264,下埔里
2265,二城里
2266,白雲村
2267,玉石村
2268,德陽村
2269,大忠村
2270,六結村
2271,二龍村
2272,時潮村
2273,三民村
2274,林美村
2275,白鵝村
2276,光武村
2277,吳沙村
2278,匏崙村
2279,二結村
2280,吉祥村
2281,古結村
2282,美福村
2283,東港村
2284,過嶺村
2285,永鎮村
2286,忠孝村
2287,古亭村
2288,功勞村
2289,美城村
2290,新社村
2291,員山村
2292,尚德村
2293,惠好村
2294,七賢村
2295,深溝村
2296,蓁巷村
2297,內城村
2298,中華村
2299,永和村
2300,頭分村
2301,枕山村
2302,同樂村
2303,逸仙村
2304,湖北村
2305,珍珠村
2306,補城村
2307,三奇村
2308,大興村
2309,東城村
2310,香和村
2311,南興村
2312,安平村
2313,冬山村
2314,太和村
2315,八寶村
2316,丸山村
2317,中山村
2318,順安村
2319,永美村
2320,武淵村
2321,群英村
2322,清溝村
2323,鹿埔村
2324,得安村
2325,柯林村
2326,大進村
2327,三興村
2328,上四村
2329,四結村
2330,五結村
2331,協和村
2332,大吉村
2333,孝威村
2334,錦眾村
2335,利澤村
2336,成興村
2337,季新村
2338,天山村
2339,萬德村
2340,貴林村
2341,萬富村
2342,雙賢村
2343,義德村
2344,集慶村
2345,拱照村
2346,行健村
2347,大隱村
2348,尚武村
2349,大洲村
2350,尾塹村
2351,寒溪村
2352,崙埤村
2353,松羅村
2354,英士村
2355,樂水村
2356,太平村
2357,茂安村
2358,四季村
2359,南山村
2360,東岳村
2361,南澳村
2362,碧候村
2363,金岳村
2364,武塔村
2365,金洋村
2366,澳花村
2367,蒜頭村
2368,蒜東村
2369,蒜南村
2370,工廠村
2371,灣南村
2372,灣北村
2373,雙涵村
2374,塗師村
2375,三義村
2376,正義村
2377,溪厝村
2378,港美村
2379,豐美村
2380,六斗村
2381,崙陽村
2382,蘇厝村
2383,竹本村
2384,永賢村
2385,魚寮村
2386,潭墘村
2387,六腳村
2388,六南村
2389,崩山村
2390,古林村
2391,更寮村
2392,東石村
2393,猿樹村
2394,型厝村
2395,塭港村
2396,三家村
2397,永屯村
2398,龍港村
2399,副瀨村
2400,下揖村
2401,頂揖村
2402,溪下村
2403,鰲鼓村
2404,蔦松村
2405,圍潭村
2406,洲仔村
2407,東崙村
2408,西崙村
2409,塭仔村
2410,網寮村
2411,掌潭村
2412,安福里
2413,內厝里
2414,博厚里
2415,永和里
2416,双溪里
2417,溪口里
2418,大鄉里
2419,大葛里
2420,佳禾里
2421,竹村里
2422,崁前里
2423,崁後里
2424,順安里
2425,德家里
2426,梅華里
2427,松華里
2428,南竹里
2429,太保里
2430,後庄里
2431,前潭里
2432,後潭里
2433,梅埔里
2434,春珠里
2435,安仁里
2436,新埤里
2437,舊埤里
2438,田尾里
2439,過溝里
2440,麻寮里
2441,南新里
2442,埤鄉里
2443,岱江里
2444,九龍里
2445,岑海里
2446,見龍里
2447,龍江里
2448,振寮里
2449,貴舍里
2450,東港里
2451,江山里
2452,菜舖里
2453,考試里
2454,新岑里
2455,好美里
2456,岸腳村
2457,義竹村
2458,六桂村
2459,傳芳村
2460,頭竹村
2461,五厝村
2462,中平村
2463,埤前村
2464,平溪村
2465,後鎮村
2466,北華村
2467,新店村
2468,東過村
2469,西過村
2470,官和村
2471,官順村
2472,新富村
2473,東光村
2474,東榮村
2475,龍蛟村
2476,鹿東村
2477,鹿草村
2478,豊稠村
2479,重寮村
2480,施家村
2481,下潭村
2482,光潭村
2483,碧潭村
2484,竹山村
2485,後堀村
2486,三角村
2487,下麻村
2488,水上村
2489,水頭村
2490,粗溪村
2491,回歸村
2492,大堀村
2493,大崙村
2494,塗溝村
2495,龍德村
2496,三鎮村
2497,靖和村
2498,柳新村
2499,柳林村
2500,柳鄉村
2501,內溪村
2502,寬士村
2503,民生村
2504,義興村
2505,中庄村
2506,忠和村
2507,南鄉村
2508,三界村
2509,國姓村
2510,溪東村
2511,溪西村
2512,柳溝村
2513,疊溪村
2514,妙崙村
2515,柴林村
2516,林腳村
2517,美南村
2518,美北村
2519,本厝村
2520,游西村
2521,游東村
2522,明華里
2523,排路里
2524,西結里
2525,大糖里
2526,大美里
2527,過溪里
2528,中林里
2529,溝背里
2530,內林里
2531,三角里
2532,三村里
2533,梅東村
2534,梅南村
2535,梅北村
2536,過山村
2537,圳南村
2538,圳北村
2539,双溪村
2540,大南村
2541,安靖村
2542,永興村
2543,半天村
2544,太興村
2545,龍眼村
2546,碧湖村
2547,瑞峯村
2548,瑞里村
2549,宮前村
2550,宮後村
2551,福德村
2552,古民村
2553,大潭村
2554,西庄村
2555,埤子村
2556,南崙村
2557,北崙村
2558,海瀛村
2559,月潭村
2560,菜公村
2561,中洋村
2562,三間村
2563,安和村
2564,潭大村
2565,南港村
2566,板頭村
2567,中樂村
2568,西安村
2569,寮頂村
2570,福權村
2571,東湖村
2572,頂崙村
2573,菁埔村
2574,西昌村
2575,豊收村
2576,鎮北村
2577,北斗村
2578,双福村
2579,福樂村
2580,大崎村
2581,秀林村
2582,松山村
2583,興中村
2584,金興村
2585,文隆村
2586,山中村
2587,中央村
2588,竹崎村
2589,和平村
2590,坑頭村
2591,沙坑村
2592,獅埜村
2593,義仁村
2594,灣橋村
2595,鹿滿村
2596,紫雲村
2597,昇平村
2598,桃源村
2599,白杞村
2600,塘興村
2601,義隆村
2602,龍山村
2603,文峯村
2604,金獅村
2605,復金村
2606,緞繻村
2607,仁壽村
2608,富收村
2609,和睦村
2610,和美村
2611,中埔村
2612,塩舘村
2613,金蘭村
2614,隆興村
2615,灣潭村
2616,裕民村
2617,龍門村
2618,石硦村
2619,頂埔村
2620,同仁村
2621,深坑村
2622,三層村
2623,瑞豐村
2624,沄水村
2625,中崙村
2626,江西村
2627,內甕村
2628,新福村
2629,下坑村
2630,番路村
2631,民和村
2632,觸口村
2633,公田村
2634,公興村
2635,草山村
2636,中正村
2637,香林村
2638,十字村
2639,豐山村
2640,來吉村
2641,樂野村
2642,達邦村
2643,里佳村
2644,山美村
2645,新美村
2646,茶山村
2647,西興村
2648,中心里
2649,馬蘭里
2650,寶桑里
2651,南榮里
2652,岩灣里
2653,卑南里
2654,南王里
2655,富岡里
2656,東海里
2657,豐樂里
2658,豐安里
2659,豐盛里
2660,豐谷里
2661,豐原里
2662,新園里
2663,建興里
2664,知本里
2665,建農里
2666,忠智里
2667,里壠里
2668,中福里
2669,新福里
2670,豐泉里
2671,月眉里
2672,電光里
2673,賓朗村
2674,美農村
2675,初鹿村
2676,明峰村
2677,嘉豐村
2678,泰安村
2679,利嘉村
2680,富山村
2681,富源村
2682,利吉村
2683,鹿野村
2684,龍田村
2685,永安村
2686,瑞隆村
2687,瑞源村
2688,瑞和村
2689,福原村
2690,福文村
2691,慶豐村
2692,大坡村
2693,新興村
2694,錦園村
2695,富興村
2696,都蘭村
2697,興昌村
2698,隆昌村
2699,東河村
2700,泰源村
2701,北源村
2702,寧埔村
2703,竹湖村
2704,長濱村
2705,忠勇村
2706,樟原村
2707,華源村
2708,北里村
2709,大王村
2710,泰和村
2711,香蘭村
2712,金崙村
2713,多良村
2714,大鳥村
2715,大竹村
2716,南寮村
2717,公舘村
2718,加拿村
2719,海端村
2720,廣原村
2721,霧鹿村
2722,利稻村
2723,紅葉村
2724,永康村
2725,武陵村
2726,鸞山村
2727,嘉蘭村
2728,正興村
2729,賓茂村
2730,歷坵村
2731,安朔村
2732,南田村
2733,森永村
2734,新化村
2735,台坂村
2736,土坂村
2737,椰油村
2738,紅頭村
2739,東清村
2740,朗島村
2741,建民里
2742,石牌里
2743,榮華里
2744,振華里
2745,永欣里
2746,尊賢里
2747,立賢里
2748,立農里
2749,八仙里
2750,洲美里
2751,奇岩里
2752,清江里
2753,溫泉里
2754,中庸里
2755,稻香里
2756,桃源里
2757,一德里
2758,關渡里
2759,泉源里
2760,大屯里
2761,湖田里
2762,天母里
2763,三玉里
2764,天福里
2765,天祿里
2766,天壽里
2767,天山里
2768,天和里
2769,天玉里
2770,德華里
2771,蘭雅里
2772,蘭興里
2773,仁勇里
2774,義信里
2775,福志里
2776,舊佳里
2777,福佳里
2778,福中里
2779,前港里
2780,百齡里
2781,福華里
2782,明勝里
2783,福順里
2784,富光里
2785,葫蘆里
2786,葫東里
2787,社新里
2788,社園里
2789,永倫里
2790,富洲里
2791,岩山里
2792,名山里
2793,聖山里
2794,芝山里
2795,菁山里
2796,平等里
2797,溪山里
2798,翠山里
2799,臨溪里
2800,玉泉里
2801,建明里
2802,建泰里
2803,星明里
2804,光能里
2805,雙連里
2806,南芳里
2807,隆和里
2808,國順里
2809,國慶里
2810,揚雅里
2811,鄰江里
2812,至聖里
2813,老師里
2814,正守里
2815,正得里
2816,聚盛里
2817,集英里
2818,聚葉里
2819,晴光里
2820,劍潭里
2821,大直里
2822,金泰里
2823,北安里
2824,新喜里
2825,松江里
2826,中庄里
2827,大佳里
2828,行政里
2829,行仁里
2830,行孝里
2831,下埤里
2832,江寧里
2833,中吉里
2834,興亞里
2835,朱馥里
2836,龍洲里
2837,朱園里
2838,朱崙里
2839,新益里
2840,富錦里
2841,富泰里
2842,精忠里
2843,龍田里
2844,東昌里
2845,民福里
2846,松基里
2847,鵬程里
2848,新聚里
2849,復盛里
2850,美仁里
2851,敦化里
2852,復源里
2853,復建里
2854,復勢里
2855,港都里
2856,港富里
2857,港華里
2858,紫星里
2859,金瑞里
2860,碧山里
2861,紫雲里
2862,清白里
2863,葫洲里
2864,紫陽里
2865,瑞陽里
2866,五分里
2867,樂康里
2868,內溝里
2869,週美里
2870,行善里
2871,石潭里
2872,湖元里
2873,安湖里
2874,秀湖里
2875,安泰里
2876,金湖里
2877,康寧里
2878,蘆洲里
2879,麗山里
2880,寶湖里
2881,南湖里
2882,中南里
2883,三重里
2884,中研里
2885,舊莊里
2886,西新里
2887,合成里
2888,聯成里
2889,鴻福里
2890,仁福里
2891,新起里
2892,福音里
2893,柳鄉里
2894,糖廍里
2895,綠堤里
2896,頂碩里
2897,和德里
2898,全德里
2899,日善里
2900,忠德里
2901,錦德里
2902,銘德里
2903,保德里
2904,榮德里
2905,興德里
2906,日祥里
2907,忠貞里
2908,新忠里
2909,凌霄里
2910,騰雲里
2911,永功里
2912,忠勤里
2913,廈安里
2914,愛國里
2915,龍光里
2916,南福里
2917,新營里
2918,幸市里
2919,文北里
2920,文祥里
2921,三愛里
2922,富水里
2923,文盛里
2924,林興里
2925,頂東里
2926,板溪里
2927,螢圃里
2928,螢雪里
2929,仁慈里
2930,和安里
2931,民炤里
2932,義村里
2933,民輝里
2934,誠安里
2935,光武里
2936,龍坡里
2937,龍泉里
2938,古風里
2939,古莊里
2940,錦泰里
2941,龍圖里
2942,新龍里
2943,龍陣里
2944,龍雲里
2945,龍生里
2946,住安里
2947,義安里
2948,通安里
2949,臨江里
2950,法治里
2951,群賢里
2952,群英里
2953,虎嘯里
2954,臥龍里
2955,龍淵里
2956,芳和里
2957,黎元里
2958,黎孝里
2959,黎和里
2960,建倫里
2961,敦安里
2962,正聲里
2963,敦煌里
2964,華聲里
2965,車層里
2966,光信里
2967,西村里
2968,正和里
2969,興隆里
2970,新仁里
2971,興雅里
2972,敦厚里
2973,廣居里
2974,六藝里
2975,雅祥里
2976,五全里
2977,四育里
2978,富台里
2979,國業里
2980,松隆里
2981,松友里
2982,松光里
2983,中坡里
2984,中行里
2985,大道里
2986,大仁里
2987,惠安里
2988,三張里
2989,三犁里
2990,泰和里
2991,景聯里
2992,景勤里
2993,嘉興里
2994,黎順里
2995,黎平里
2996,黎忠里
2997,黎安里
2998,景行里
2999,景東里
3000,景美里
3001,景慶里
3002,景仁里
3003,景華里
3004,萬有里
3005,萬祥里
3006,萬隆里
3007,萬年里
3008,萬和里
3009,萬盛里
3010,興豐里
3011,興邦里
3012,興光里
3013,興家里
3014,興得里
3015,興安里
3016,興旺里
3017,興泰里
3018,興昌里
3019,試院里
3020,明義里
3021,木柵里
3022,木新里
3023,順興里
3024,忠順里
3025,樟林里
3026,樟新里
3027,樟文里
3028,樟腳里
3029,萬芳里
3030,萬美里
3031,博嘉里
3032,萬興里
3033,政大里
3034,指南里
3035,老泉里
3036,海尾村
3037,全興村
3038,定興村
3039,什股村
3040,泉厝村
3041,曾家村
3042,新港村
3043,埤墘村
3044,七嘉村
3045,汴頭村
3046,線西村
3047,頂庄村
3048,寓埔村
3049,溝內村
3050,下犁村
3051,頂犁村
3052,德興村
3053,竹營里
3054,和東里
3055,和南里
3056,和北里
3057,和西里
3058,四張里
3059,面前里
3060,鎮平里
3061,大霞里
3062,源埤里
3063,南佃里
3064,雅溝里
3065,山犁里
3066,嘉犁里
3067,鐵山里
3068,柑井里
3069,竹園里
3070,犁盛里
3071,中圍里
3072,糖友里
3073,還社里
3074,塗厝里
3075,地潭里
3076,湖內里
3077,好修里
3078,洛津里
3079,埔崙里
3080,新宮里
3081,玉順里
3082,東石里
3083,郭厝里
3084,泰興里
3085,興化里
3086,街尾里
3087,洋厝里
3088,草中里
3089,頭南里
3090,山崙里
3091,頂番里
3092,頭崙里
3093,溝墘里
3094,廖厝里
3095,東崎里
3096,鹿東里
3097,頂厝里
3098,鹿和里
3099,三汴村
3100,萬豐村
3101,元中村
3102,外中村
3103,外埔村
3104,番婆村
3105,社尾村
3106,番社村
3107,秀厝村
3108,福南村
3109,鎮平村
3110,二港村
3111,福寶村
3112,頂粘村
3113,廈粘村
3114,麥厝村
3115,秀水村
3116,安溪村
3117,莊雅村
3118,陝西村
3119,安東村
3120,鶴鳴村
3121,馬興村
3122,埔崙村
3123,曾厝村
3124,金陵村
3125,華北里
3126,華陽里
3127,永生里
3128,建寶里
3129,光南里
3130,南瑶里
3131,彰安里
3132,西興里
3133,忠權里
3134,崙平里
3135,向陽里
3136,莿桐里
3137,東芳里
3138,磚磘里
3139,卦山里
3140,新華里
3141,興北里
3142,茄南里
3143,寶廍里
3144,古夷里
3145,阿夷里
3146,和調里
3147,竹中里
3148,台鳳里
3149,國聖里
3150,快官里
3151,竹巷里
3152,花壇村
3153,金墩村
3154,崙雅村
3155,劉厝村
3156,南口村
3157,北口村
3158,中口村
3159,文德村
3160,白沙村
3161,岩竹村
3162,長沙村
3163,灣雅村
3164,三春村
3165,長春村
3166,舊社村
3167,楓坑村
3168,茄荖村
3169,芬園村
3170,縣庄村
3171,圳墘村
3172,溪頭村
3173,進芬村
3174,芳苑村
3175,芳中村
3176,仁愛村
3177,信義村
3178,三合村
3179,路上村
3180,路平村
3181,三成村
3182,福榮村
3183,頂廍村
3184,王功村
3185,博愛村
3186,興仁村
3187,新寶村
3188,五俊村
3189,建平村
3190,崙腳村
3191,文津村
3192,新生村
3193,漢寶村
3194,南光里
3195,香田里
3196,外竹里
3197,趙甲里
3198,西庄里
3199,梅芳里
3200,華崙里
3201,萬合里
3202,大永里
3203,原斗里
3204,西斗里
3205,復豐里
3206,埔鹽村
3207,廍子村
3208,出水村
3209,打廉村
3210,豐澤村
3211,崑崙村
3212,角樹村
3213,好修村
3214,西湖村
3215,永平村
3216,石埤村
3217,天盛村
3218,新水村
3219,三省村
3220,南新村
3221,光平里
3222,湖東里
3223,西溪里
3224,中竹里
3225,東寮里
3226,大突里
3227,頂庄里
3228,忠覺里
3229,湳底里
3230,大庭里
3231,媽厝里
3232,番婆里
3233,東溪里
3234,東門村
3235,埔心村
3236,義民村
3237,瓦北村
3238,瓦中村
3239,瓦南村
3240,經口村
3241,舊舘村
3242,南舘村
3243,新舘村
3244,芎蕉村
3245,梧鳳村
3246,二重村
3247,埤霞村
3248,埤脚村
3249,大城村
3250,西城村
3251,上山村
3252,公館村
3253,三豐村
3254,西港村
3255,臺西村
3256,竹元村
3257,竹塘村
3258,小西村
3259,民靖村
3260,五庄村
3261,樹腳村
3262,田頭村
3263,新廣村
3264,內新村
3265,長安村
3266,和豊村
3267,興農村
3268,埤頭村
3269,豊崙村
3270,崙子村
3271,合興村
3272,平原村
3273,元埔村
3274,芙朝村
3275,陸嘉村
3276,庄內村
3277,西德里
3278,新政里
3279,七星里
3280,坑厝村
3281,瓦厝村
3282,溪州村
3283,尾厝村
3284,東州村
3285,舊眉村
3286,圳寮村
3287,西畔村
3288,柑園村
3289,成功村
3290,榮光村
3291,潮洋村
3292,張厝村
3293,三條村
3294,三圳村
3295,大村村
3296,貢旗村
3297,大橋村
3298,加錫村
3299,擺塘村
3300,過溝村
3301,村上村
3302,美港村
3303,黃厝村
3304,崙雅里
3305,林厝里
3306,出水里
3307,湖水里
3308,大峯里
3309,鎮興里
3310,浮圳里
3311,西東里
3312,南東里
3313,中東里
3314,東北里
3315,大饒里
3316,大明里
3317,仁美里
3318,三條里
3319,三橋里
3320,三信里
3321,三義里
3322,源潭里
3323,浮圳村
3324,光雲村
3325,五汴村
3326,永東村
3327,永西村
3328,永南村
3329,永北村
3330,五福村
3331,湳港村
3332,新莊村
3333,瑚璉村
3334,獨鰲村
3335,敦厚村
3336,崙美村
3337,湳墘村
3338,四芳村
3339,竹子村
3340,社頭村
3341,湳底村
3342,仁雅村
3343,里仁村
3344,美雅村
3345,清水村
3346,山湖村
3347,埤斗村
3348,朝興村
3349,龍井村
3350,湳雅村
3351,溪畔村
3352,打簾村
3353,北曾村
3354,南曾村
3355,柳鳳村
3356,陸豐村
3357,睦宜村
3358,南鎮村
3359,碧峰里
3360,東源里
3361,頂潭里
3362,中潭里
3363,北路里
3364,西路里
3365,東路里
3366,南路里
3367,梅州里
3368,大崙里
3369,十五村
3370,上豊村
3371,過圳村
3372,五伯村
3373,文化村
3374,光化村
3375,聖化村
3376,二水村
3377,惠民村
3378,大園村
3379,修仁村
3380,倡和村
3381,短竹里
3382,蘭潭里
3383,東川里
3384,鹿寮里
3385,盧厝里
3386,王田里
3387,長竹里
3388,圳頭里
3389,新開里
3390,宣信里
3391,芳安里
3392,安寮里
3393,興村里
3394,林森里
3395,義教里
3396,後湖里
3397,荖藤里
3398,各里平地、山地原住民
3399,番社里
3400,福全里
3401,港坪里
3402,頭港里
3403,美源里
3404,獅子里
3405,紅瓦里
3406,光路里
3407,車店里
3408,垂楊里
3409,培元里
3410,致遠里
3411,翠岱里
3412,導明里
3413,北榮里
3414,香湖里
3415,後驛里
3416,湖邊里
3417,保生里
3418,保福里
3419,北湖里
3420,隘口里
3421,十興里
3422,斗崙里
3423,北崙里
3424,竹北里
3425,竹仁里
3426,竹義里
3427,新社里
3428,新國里
3429,聯興里
3430,麻園里
3431,溪州里
3432,白地里
3433,新港里
3434,大眉里
3435,大義里
3436,尚義里
3437,崇義里
3438,上坪里
3439,瑞峰里
3440,軟橋里
3441,員崠里
3442,上舘里
3443,商華里
3444,竹東里
3445,鷄林里
3446,榮樂里
3447,五豐里
3448,陸豐里
3449,頭重里
3450,柯湖里
3451,田新里
3452,旱坑里
3453,五埔里
3454,四座里
3455,照門里
3456,鹿鳴里
3457,巨埔里
3458,內立里
3459,寶石里
3460,上寮里
3461,下寮里
3462,南雄里
3463,北斗里
3464,錦山里
3465,石光里
3466,新力里
3467,南和里
3468,德盛村
3469,愛勢村
3470,仁勢村
3471,孝勢村
3472,中勢村
3473,信勢村
3474,波羅村
3475,長嶺村
3476,湖鏡村
3477,湖南村
3478,鳳凰村
3479,勝利村
3480,鳳山村
3481,青埔村
3482,瑞興村
3483,坡頭村
3484,埔和村
3485,山崎村
3486,上坑村
3487,鳳坑村
3488,崎頂村
3489,松林村
3490,松柏村
3491,華龍村
3492,五龍村
3493,秀湖村
3494,石潭村
3495,新鳳村
3496,中坑村
3497,水坑村
3498,文林村
3499,芎林村
3500,下山村
3501,橫山村
3502,田寮村
3503,南昌村
3504,豐鄉村
3505,內灣村
3506,力行村
3507,大肚村
3508,北埔村
3509,水磜村
3510,南埔村
3511,大林村
3512,南坑村
3513,外坪村
3514,雙新村
3515,雙溪村
3516,三峰村
3517,新城村
3518,寶斗村
3519,深井村
3520,寶山村
3521,油田村
3522,峨眉村
3523,中盛村
3524,石井村
3525,七星村
3526,湖光村
3527,嘉樂村
3528,新樂村
3529,錦屏村
3530,梅花村
3531,玉峰村
3532,秀巒村
3533,大隘村
3534,桃山村
3535,花園村
3536,賢庵里
3537,金水里
3538,古城里
3539,珠沙里
3540,古寧村
3541,安美村
3542,湖埔村
3543,榜林村
3544,盤山村
3545,后盤村
3546,林湖村
3547,黃埔村
3548,西口村
3549,上林村
3550,上岐村
3551,小坵村
3552,山外里
3553,溪湖里
3554,蓮庵里
3555,料羅里
3556,新湖里
3557,汶沙里
3558,何斗里
3559,浦山里
3560,官嶼里
3561,大洋里
3562,光前里
3563,竹南里
3564,照南里
3565,大厝里
3566,聖福里
3567,竹興里
3568,天文里
3569,中英里
3570,海口里
3571,公義里
3572,造橋村
3573,平興村
3574,豐湖村
3575,大西村
3576,錦水村
3577,大龍村
3578,談文村
3579,龍昇村
3580,南龍里
3581,中龍里
3582,北龍里
3583,灣寶里
3584,海寶里
3585,豐富里
3586,校椅里
3587,大山里
3588,外埔里
3589,水尾里
3590,龍津里
3591,龍坑里
3592,福寧里
3593,高埔村
3594,下埔村
3595,五湖村
3596,三湖村
3597,龍洞村
3598,二湖村
3599,通東里
3600,通西里
3601,平元里
3602,梅南里
3603,通南里
3604,烏眉里
3605,福龍里
3606,福源里
3607,五南里
3608,五北里
3609,通灣里
3610,內島里
3611,白東里
3612,白西里
3613,銅鑼村
3614,樟樹村
3615,九湖村
3616,竹森村
3617,興隆村
3618,盛隆村
3619,新隆村
3620,苑東里
3621,苑南里
3622,苑北里
3623,苑港里
3624,海岸里
3625,房裡里
3626,客庄里
3627,苑坑里
3628,水坡里
3629,石鎮里
3630,蕉埔里
3631,泰田里
3632,社苓里
3633,山柑里
3634,廣盛村
3635,勝興村
3636,双潭村
3637,双湖村
3638,龍騰村
3639,鯉魚潭村
3640,流東里
3641,珊湖里
3642,斗煥里
3643,上埔里
3644,土牛里
3645,頭份里
3646,上興里
3647,下興里
3648,山下里
3649,蟠桃里
3650,東庄里
3651,蘆竹里
3652,尖下里
3653,濫坑里
3654,三灣村
3655,銅鏡村
3656,大河村
3657,大坪村
3658,東村
3659,西村
3660,南江村
3661,田美村
3662,獅山村
3663,南富村
3664,員林村
3665,蓬萊村
3666,中苗里
3667,青苗里
3668,維祥里
3669,玉華里
3670,綠苗里
3671,高苗里
3672,新苗里
3673,玉苗里
3674,恭敬里
3675,清華里
3676,上苗里
3677,北苗里
3678,嘉盛里
3679,福麗里
3680,新川里
3681,新英里
3682,頭屋村
3683,獅潭村
3684,北坑村
3685,曲洞村
3686,飛鳳村
3687,象山村
3688,明德村
3689,鳴鳳村
3690,百壽村
3691,豐林村
3692,竹木村
3693,館中村
3694,館東村
3695,館南村
3696,中義村
3697,大坑村
3698,福基村
3699,福星村
3700,石墻村
3701,開礦村
3702,五谷村
3703,玉谷村
3704,鶴岡村
3705,鶴山村
3706,仁安村
3707,南河村
3708,北河村
3709,明湖村
3710,大寮村
3711,靜湖村
3712,南湖村
3713,武榮村
3714,栗林村
3715,八卦村
3716,清安村
3717,梅園村
3718,象鼻村
3719,士林村
3720,老庄里
3721,中街里
3722,西坪里
3723,苗豐里
3724,上新里
3725,內灣里
3726,景山里
3727,玉峰里
3728,明正里
3729,炎峰里
3730,敦和里
3731,碧洲里
3732,御史里
3733,加老里
3734,石川里
3735,富寮里
3736,南埔里
3737,雙冬里
3738,大旗村
3739,長流村
3740,長豐村
3741,長福村
3742,北港村
3743,福龜村
3744,乾溝村
3745,柑林村
3746,大石村
3747,北山村
3748,杷城里
3749,枇杷里
3750,水頭里
3751,麒麟里
3752,珠格里
3753,北梅里
3754,大湳里
3755,蜈蚣里
3756,同聲里
3757,清新里
3758,薰化里
3759,大城里
3760,籃城里
3761,桃米里
3762,南村里
3763,愛蘭里
3764,房里里
3765,向善里
3766,一新里
3767,廣成里
3768,史港里
3769,牛眠里
3770,榮興村
3771,春陽村
3772,精英村
3773,都達村
3774,德鹿谷村
3775,發祥村
3776,翠華村
3777,親愛村
3778,法治村
3779,互助村
3780,八仙村
3781,福盛村
3782,永福村
3783,龍安村
3784,爽文村
3785,永芳村
3786,魚池村
3787,東池村
3788,新城村、共和村
3789,大雁村
3790,五城村
3791,中明村
3792,水社村
3793,日月村
3794,頭社村
3795,武登村
3796,康壽里
3797,南投里
3798,彰仁里
3799,嘉和里
3800,千秋里
3801,營南里
3802,營北里
3803,內興里
3804,內新里
3805,漳興里
3806,平山里
3807,鳳山里
3808,南雅村
3809,濁水村
3810,新民村
3811,炭寮村
3812,萬丹村
3813,田仔村
3814,廍下村
3815,赤水村
3816,三崙村
3817,埔中村
3818,新光村
3819,集集里
3820,林尾里
3821,隘寮里
3822,玉映里
3823,富山里
3824,竹山里
3825,雲林里
3826,下坪里
3827,中崎里
3828,大鞍里
3829,延祥里
3830,延正里
3831,延山里
3832,山崇里
3833,富州里
3834,田子里
3835,硘磘里
3836,鯉魚里
3837,瑞竹里
3838,桶頭里
3839,鹿谷村
3840,彰雅村
3841,和雅村
3842,竹豐村
3843,初鄉村
3844,秀峰村
3845,瑞田村
3846,水里村
3847,城中村
3848,農富村
3849,車埕村
3850,南光村
3851,鉅工村
3852,頂崁村
3853,新山村
3854,郡坑村
3855,上安村
3856,愛國村
3857,自強村
3858,豐丘村
3859,新鄉村
3860,羅娜村
3861,望美村
3862,卡里布安村
3863,同富村
3864,神木村
3865,東埔村
3866,雙龍村
3867,潭南村
3868,孔門里
3869,庄美里
3870,新美里
3871,岷山里
3872,南陽里
3873,薰風里
3874,文曲里
3875,武曲里
3876,文武里
3877,奉化里
3878,德化里
3879,江南里
3880,頂店里
3881,孟春里
3882,日南里
3883,銅安里
3884,南庄里
3885,龜売里
3886,海墘里
3887,松雅里
3888,三崁里
3889,水美里
3890,馬鳴里
3891,廍子里
3892,鰲峰里
3893,靈泉里
3894,西寧里
3895,北寧里
3896,西社里
3897,南社里
3898,裕嘉里
3899,武鹿里
3900,槺榔里
3901,高西里
3902,高南里
3903,高東里
3904,高北里
3905,高美里
3906,國姓里
3907,橋頭里
3908,楊厝里
3909,海風里
3910,草湳里
3911,南簡里
3912,大村里
3913,洛泉里
3914,沙鹿里
3915,斗抵里
3916,鹿峰里
3917,犁分里
3918,晉江里
3919,六路里
3920,埔子里
3921,三鹿里
3922,公明里
3923,竹坑里
3924,龍東里
3925,龍西里
3926,麗水里
3927,三德里
3928,忠和里
3929,營埔里
3930,社腳里
3931,大肚里
3932,磺溪里
3933,山陽里
3934,瑞井里
3935,蔗廍里
3936,烏日里
3937,湖日里
3938,榮泉里
3939,學田里
3940,九德里
3941,前竹里
3942,五光里
3943,溪埧里
3944,螺潭里
3945,北里里
3946,南里里
3947,溪尾里
3948,桐林里
3949,吉峰里
3950,甲寅里
3951,本鄉里
3952,錦榮里
3953,萊園里
3954,本堂里
3955,北柳里
3956,南柳里
3957,四德里
3958,丁台里
3959,萬豐里
3960,舊正里
3961,坑口里
3962,峰谷里
3963,義里里
3964,義德里
3965,后里里
3966,厚里里
3967,墩東里
3968,墩西里
3969,墩南里
3970,墩北里
3971,聯合里
3972,眉山里
3973,神岡里
3974,庄前里
3975,北庄里
3976,庄後里
3977,圳前里
3978,圳堵里
3979,山皮里
3980,社南里
3981,岸裡里
3982,豐洲里
3983,上雅里
3984,大雅里
3985,二和里
3986,西寶里
3987,上楓里
3988,大楓里
3989,雅楓里
3990,六寶里
3991,潭秀里
3992,潭北里
3993,潭陽里
3994,頭家里
3995,頭家東里
3996,家興里
3997,家福里
3998,甘蔗里
3999,東寶里
4000,大富里
4001,栗林里
4002,聚興里
4003,至善里
4004,西墩里
4005,潮洋里
4006,上石里
4007,上安里
4008,逢甲里
4009,逢福里
4010,何厝里
4011,何明里
4012,何南里
4013,何成里
4014,何安里
4015,何仁里
4016,何德里
4017,何福里
4018,何源里
4019,大河里
4020,大石里
4021,福雅里
4022,福瑞里
4023,福聯里
4024,福恩里
4025,南屯里
4026,春社里
4027,春安里
4028,寶山里
4029,三厝里
4030,大業里
4031,惠中里
4032,向心里
4033,文心里
4034,同心里
4035,大誠里
4036,水景里
4037,北屯里
4038,北京里
4039,四民里
4040,平心里
4041,平田里
4042,平昌里
4043,平順里
4044,平福里
4045,平德里
4046,平興里
4047,民政里
4048,民德里
4049,后庄里
4050,忠平里
4051,松竹里
4052,松和里
4053,松勇里
4054,松茂里
4055,松強里
4056,陳平里
4057,新平里
4058,光大里
4059,文莊里
4060,錦平里
4061,樂英里
4062,錦村里
4063,錦洲里
4064,錦祥里
4065,邱厝里
4066,賴厝里
4067,賴福里
4068,賴興里
4069,賴旺里
4070,賴明里
4071,梅川里
4072,賴村里
4073,育德里
4074,淡溝里
4075,健行里
4076,明新里
4077,中達里
4078,利民里
4079,廣民里
4080,公民里
4081,藍興里
4082,安龍里
4083,吉龍里
4084,民龍里
4085,和龍里
4086,後龍里
4087,双龍里
4088,昇平里
4089,公益里
4090,公德里
4091,公平里
4092,忠明里
4093,綠川里
4094,繼光里
4095,大墩里
4096,柳川里
4097,旱溪里
4098,樂成里
4099,十甲里
4100,東英里
4101,合作里
4102,富仁里
4103,積善里
4104,江川里
4105,福平里
4106,樹義里
4107,工學里
4108,崇倫里
4109,長億里
4110,中政里
4111,勤益里
4112,宜欣里
4113,宜佳里
4114,宜昌里
4115,新坪里
4116,新高里
4117,頭汴里
4118,聖和里
4119,東汴里
4120,黃竹里
4121,光隆里
4122,德隆里
4123,新里里
4124,樹王里
4125,祥興里
4126,中新里
4127,大元里
4128,夏田里
4129,仁化里
4130,塗城里
4131,瑞城里
4132,下街里
4133,中陽里
4134,北湳里
4135,東湳里
4136,西湳里
4137,豐西里
4138,圳寮里
4139,豐圳里
4140,社皮里
4141,鎌村里
4142,北陽里
4143,南田里
4144,南嵩里
4145,翁明里
4146,翁子里
4147,翁社里
4148,朴子里
4149,石岡里
4150,九房里
4151,金星里
4152,梅子里
4153,和盛里
4154,月湖里
4155,大南里
4156,永源里
4157,協成里
4158,慶西里
4159,慶福里
4160,慶東里
4161,上城里
4162,詒福里
4163,新盛里
4164,隆興里
4165,中嵙里
4166,泰昌里
4167,中寧里
4168,粵寧里
4169,下新里
4170,茂興里
4171,天輪里
4172,自由里
4173,梨山里
4174,民勤里
4175,民意里
4176,民心里
4177,民孝里
4178,民運里
4179,民立里
4180,民主里
4181,主商里
4182,主勤里
4183,主工里
4184,主信里
4185,主義里
4186,主睦里
4187,主計里
4188,主和里
4189,主學里
4190,主農里
4191,主安里
4192,主權里
4193,主力里
4194,國風里
4195,國威里
4196,國治里
4197,國防里
4198,國魂里
4199,國聯里
4200,國盛里
4201,國強里
4202,國富里
4203,國裕里
4204,國興里
4205,國福里
4206,康樂村
4207,大漢村
4208,新秀村
4209,佳林村
4210,嘉里村
4211,嘉新村
4212,崇德村
4213,富世村
4214,景美村
4215,佳民村
4216,水源村
4217,銅門村
4218,文蘭村
4219,太昌村
4220,吉安村
4221,干城村
4222,稻香村
4223,宜昌村
4224,北昌村
4225,勝安村
4226,東昌村
4227,溪口村
4228,樹湖村
4229,豐裡村
4230,豐坪村
4231,壽豐村
4232,光榮村
4233,池南村
4234,志學村
4235,米棧村
4236,鹽寮村
4237,水璉村
4238,鳳仁里
4239,鳳義里
4240,鳳禮里
4241,鳳智里
4242,鳳信里
4243,山興里
4244,大榮里
4245,北林里
4246,林榮里
4247,長橋里
4248,森榮里
4249,大安村
4250,大馬村
4251,東富村
4252,西富村
4253,北富村
4254,大全村
4255,大富村
4256,大豐村
4257,靜浦村
4258,豐濱村
4259,磯崎村
4260,西林村
4261,見晴村
4262,萬榮村
4263,明利村
4264,馬遠村
4265,瑞穗村
4266,瑞美村
4267,瑞良村
4268,瑞祥村
4269,瑞北村
4270,舞鶴村
4271,奇美村
4272,富民村
4273,中城里
4274,國武里
4275,啟模里
4276,源城里
4277,長良里
4278,大禹里
4279,樂合里
4280,東豐里
4281,松浦里
4282,春日里
4283,德武里
4284,吳江村
4285,東里村
4286,萬寧村
4287,羅山村
4288,石牌村
4289,明里村
4290,富里村
4291,豐南村
4292,富南村
4293,學田村
4294,崙山村
4295,立山村
4296,卓溪村
4297,卓清村
4298,古風村
4299,梅山里
4300,拉芙蘭里
4301,勤和里
4302,高中里
4303,建山里
4304,達卡努瓦里
4305,瑪雅里
4306,南沙魯里
4307,大田里
4308,寶隆里
4309,小林里
4310,新威里
4311,新發里
4312,荖濃里
4313,六龜里
4314,義寶里
4315,興龍里
4316,寶來里
4317,大津里
4318,杉林里
4319,木梓里
4320,集來里
4321,上平里
4322,大愛里
4323,月美里
4324,溝坪里
4325,石坑里
4326,內門里
4327,內豊里
4328,觀亭里
4329,內東里
4330,東埔里
4331,瑞山里
4332,湄洲里
4333,圓富里
4334,上洲里
4335,南勝里
4336,竹峰里
4337,瑞吉里
4338,三協里
4339,鯤洲里
4340,瀰濃里
4341,中圳里
4342,合和里
4343,祿興里
4344,中壇里
4345,吉和里
4346,吉洋里
4347,吉東里
4348,獅山里
4349,龍肚里
4350,廣林里
4351,多納里
4352,萬山里
4353,石安里
4354,峯山里
4355,港後里
4356,崗山里
4357,阿蓮里
4358,清蓮里
4359,和蓮里
4360,青旗里
4361,復安里
4362,玉庫里
4363,南蓮里
4364,鹿埔里
4365,古亭里
4366,安招里
4367,角宿里
4368,鳳雄里
4369,東燕里
4370,南燕里
4371,西燕里
4372,深水里
4373,竹寮里
4374,九曲里
4375,久堂里
4376,水安里
4377,水寮里
4378,檨腳里
4379,興山里
4380,和山里
4381,姑山里
4382,井腳里
4383,小坪里
4384,龍目里
4385,大樹里
4386,溪埔里
4387,興田里
4388,統嶺里
4389,嘉誠里
4390,保社里
4391,三奶里
4392,中里里
4393,翠屏里
4394,嘉賜里
4395,嘉安里
4396,嘉樂里
4397,嘉泰里
4398,嘉福里
4399,和協里
4400,嘉定里
4401,保定里
4402,大定里
4403,光定里
4404,吉定里
4405,崎漏里
4406,劉家里
4407,太爺里
4408,葉厝里
4409,中賢里
4410,逸賢里
4411,忠興里
4412,竹滬里
4413,後鄉里
4414,北嶺里
4415,社西里
4416,甲北里
4417,下坑里
4418,竹西里
4419,三爺里
4420,鴨寮里
4421,社東里
4422,社中里
4423,鹽田里
4424,保寧里
4425,岡山里
4426,壽天里
4427,維仁里
4428,大遼里
4429,程香里
4430,後紅里
4431,碧紅里
4432,台上里
4433,為隨里
4434,灣裡里
4435,本洲里
4436,前峰里
4437,壽峰里
4438,後協里
4439,協榮里
4440,白米里
4441,嘉峰里
4442,華崗里
4443,大莊里
4444,彌靖里
4445,彌仁里
4446,彌壽里
4447,彌陀里
4448,海尾里
4449,漯底里
4450,梓信里
4451,梓義里
4452,梓和里
4453,梓平里
4454,大舍里
4455,赤崁里
4456,赤東里
4457,赤西里
4458,禮蚵里
4459,智蚵里
4460,信蚵里
4461,典寶里
4462,仕隆里
4463,仕豐里
4464,芋寮里
4465,白樹里
4466,筆秀里
4467,頂鹽里
4468,仕和里
4469,德松里
4470,清豐里
4471,享平里
4472,惠楠里
4473,惠民里
4474,惠豐里
4475,錦屏里
4476,玉屏里
4477,金田里
4478,稔田里
4479,瑞屏里
4480,宏南里
4481,宏毅里
4482,宏榮里
4483,廣昌里
4484,久昌里
4485,大昌里
4486,福昌里
4487,盛昌里
4488,建昌里
4489,宏昌里
4490,和昌里
4491,慶昌里
4492,隆昌里
4493,裕昌里
4494,國昌里
4495,加昌里
4496,仁昌里
4497,藍田里
4498,進學里
4499,尾西里
4500,頂北里
4501,中北里
4502,廟東里
4503,廟北里
4504,尾南里
4505,尾北里
4506,屏山里
4507,祥和里
4508,合群里
4509,明建里
4510,頂西里
4511,聖后里
4512,聖西里
4513,聖南里
4514,廍北里
4515,廍南里
4516,埤西里
4517,埤北里
4518,埤東里
4519,海勝里
4520,崇實里
4521,自助里
4522,果貿里
4523,果惠里
4524,果峰里
4525,新下里
4526,新上里
4527,新中里
4528,菜公里
4529,灣內里
4530,考潭里
4531,烏林里
4532,仁武里
4533,竹後里
4534,八卦里
4535,高楠里
4536,後安里
4537,五和里
4538,赤山里
4539,鳥松里
4540,夢裡里
4541,大華里
4542,坔埔里
4543,華美里
4544,拷潭里
4545,內坑里
4546,大寮里
4547,三隆里
4548,琉球里
4549,翁園里
4550,前庄里
4551,潮寮里
4552,會結里
4553,會社里
4554,山頂里
4555,永芳里
4556,溪寮里
4557,昭明里
4558,林園里
4559,潭頭里
4560,中厝里
4561,中門里
4562,港埔里
4563,北汕里
4564,林內里
4565,林家里
4566,龔厝里
4567,鳳芸里
4568,中芸里
4569,東汕里
4570,西汕里
4571,廣應里
4572,中汕里
4573,鼎金里
4574,鼎盛里
4575,鼎強里
4576,鼎力里
4577,鼎西里
4578,鼎中里
4579,鼎泰里
4580,本館里
4581,本和里
4582,本文里
4583,本武里
4584,本元里
4585,本安里
4586,本上里
4587,本揚里
4588,寶獅里
4589,寶德里
4590,寶泰里
4591,寶中里
4592,寶華里
4593,寶國里
4594,寶民里
4595,寶慶里
4596,寶業里
4597,寶盛里
4598,寶龍里
4599,寶珠里
4600,寶玉里
4601,灣子里
4602,灣愛里
4603,灣中里
4604,灣華里
4605,灣勝里
4606,灣利里
4607,灣復里
4608,正順里
4609,灣興里
4610,灣成里
4611,安寧里
4612,安吉里
4613,安發里
4614,達德里
4615,達明里
4616,達仁里
4617,達勇里
4618,同德里
4619,德智里
4620,德仁里
4621,安生里
4622,德東里
4623,精華里
4624,安宜里
4625,安邦里
4626,十全里
4627,十美里
4628,德北里
4629,立誠里
4630,立業里
4631,港新里
4632,港西里
4633,博惠里
4634,長明里
4635,建東里
4636,鳳南里
4637,鳳北里
4638,德西里
4639,豐裕里
4640,川東里
4641,千歲里
4642,千北里
4643,安祥里
4644,正道里
4645,博仁里
4646,苓洲里
4647,苓昇里
4648,苓中里
4649,苓雅里
4650,苓東里
4651,意誠里
4652,鼓中里
4653,田西里
4654,仁政里
4655,廣澤里
4656,華堂里
4657,日中里
4658,普照里
4659,和煦里
4660,晴朗里
4661,普天里
4662,林富里
4663,林圍里
4664,林華里
4665,林西里
4666,林中里
4667,林南里
4668,奏捷里
4669,林德里
4670,林貴里
4671,英明里
4672,林靖里
4673,福海里
4674,福康里
4675,福人里
4676,福地里
4677,福居里
4678,福東里
4679,福西里
4680,正文里
4681,正言里
4682,正大里
4683,正仁里
4684,衛武里
4685,鼓峰里
4686,雄峰里
4687,內惟里
4688,龍井里
4689,民強里
4690,龍子里
4691,明誠里
4692,華豐里
4693,裕興里
4694,裕豐里
4695,鼓岩里
4696,寶樹里
4697,興宗里
4698,光化里
4699,河邊里
4700,登山里
4701,峰南里
4702,麗興里
4703,維生里
4704,壽山里
4705,哨船頭里
4706,藍橋里
4707,壽星里
4708,教仁里
4709,新樂里
4710,沙地里
4711,南端里
4712,江西里
4713,府北里
4714,陸橋里
4715,瀨南里
4716,新化里
4717,三川里
4718,草江里
4719,長城里
4720,北金里
4721,東金里
4722,後金里
4723,復元里
4724,林投里
4725,國民里
4726,博孝里
4727,榮復里
4728,文西里
4729,文東里
4730,浩然里
4731,振成里
4732,德生里
4733,正氣里
4734,德政里
4735,仁聲里
4736,德望里
4737,蕉園里
4738,玉衡里
4739,順昌里
4740,光耀里
4741,開平里
4742,新江里
4743,愛平里
4744,明莊里
4745,秋山里
4746,長驛里
4747,榮治里
4748,東坡里
4749,鳳崗里
4750,縣衙里
4751,曹公里
4752,武松里
4753,文英里
4754,文福里
4755,縣口里
4756,誠義里
4757,生明里
4758,誠德里
4759,誠信里
4760,誠智里
4761,鳳東里
4762,埤頂里
4763,海光里
4764,武慶里
4765,武漢里
4766,新甲里
4767,新武里
4768,新泰里
4769,新強里
4770,海洋里
4771,老爺里
4772,過埤里
4773,龍成里
4774,富甲里
4775,善美里
4776,富榮里
4777,天興里
4778,福誠里
4779,旗下里
4780,南汕里
4781,上竹里
4782,草衙里
4783,明孝里
4784,德昌里
4785,明禮里
4786,信德里
4787,明道里
4788,前鎮里
4789,鎮榮里
4790,鎮昌里
4791,鎮陽里
4792,鎮中里
4793,忠純里
4794,西山里
4795,建隆里
4796,良和里
4797,盛興里
4798,盛豐里
4799,興東里
4800,竹內里
4801,瑞南里
4802,瑞豐里
4803,瑞祥里
4804,瑞東里
4805,瑞和里
4806,瑞隆里
4807,瑞北里
4808,瑞西里
4809,瑞崗里
4810,瑞誠里
4811,瑞文里
4812,瑞華里
4813,瑞昌里
4814,小港里
4815,港正里
4816,港明里
4817,港后里
4818,港興里
4819,鳳宮里
4820,店鎮里
4821,大苓里
4822,二苓里
4823,三苓里
4824,正苓里
4825,順苓里
4826,六苓里
4827,宏亮里
4828,山東里
4829,青島里
4830,濟南里
4831,山明里
4832,高松里
4833,松金里
4834,松山里
4835,孔宅里
4836,廈莊里
4837,鳳森里
4838,鳳林里
4839,鳳興里
4840,鳳源里
4841,啟明里
4842,西衛里
4843,西文里
4844,東文里
4845,案山里
4846,前寮里
4847,石泉里
4848,東衛里
4849,安宅里
4850,烏崁里
4851,鐵線里
4852,鎖港里
4853,山水里
4854,五德里
4855,井垵里
4856,嵵裡里
4857,風櫃里
4858,虎井里
4859,桶盤里
4860,青螺村
4861,白坑村
4862,北寮村
4863,紅羅村
4864,西溪村
4865,沙港村
4866,中西村
4867,鼎灣村
4868,潭邊村
4869,許家村
4870,城北村
4871,太武村
4872,隘門村
4873,林投村
4874,菓葉村
4875,中屯村
4876,講美村
4877,城前村
4878,鎮海村
4879,港子村
4880,岐頭村
4881,小赤村
4882,赤崁村
4883,瓦硐村
4884,通梁村
4885,吉貝村
4886,鳥嶼村
4887,員貝村
4888,大倉村
4889,橫礁村
4890,合界村
4891,竹灣村
4892,小門村
4893,大池村
4894,二崁村
4895,池東村
4896,池西村
4897,赤馬村
4898,內垵村
4899,外垵村
4900,東安村
4901,中社村
4902,水垵村
4903,將軍村
4904,東吉村
4905,東坪村
4906,西坪村
4907,花嶼村
4908,宏竹里
4909,富竹里
4910,蘆興里
4911,南崁里
4912,錦興里
4913,興榮里
4914,羊稠里
4915,營福里
4916,瓦窯里
4917,山鼻里
4918,外社里
4919,坑子里
4920,海湖里
4921,濱海里
4922,大崗里
4923,山福里
4924,山德里
4925,公西里
4926,文青里
4927,兔坑里
4928,南上里
4929,迴龍里
4930,陸光里
4931,新路里
4932,新嶺里
4933,楓福里
4934,樂善里
4935,龍壽里
4936,嶺頂里
4937,舊路里
4938,三元里
4939,汴洲里
4940,青溪里
4941,會稽里
4942,福元里
4943,檜樂里
4944,長美里
4945,中成里
4946,中聖里
4947,中德里
4948,龍岡里
4949,龍祥里
4950,北埔里
4951,長德里
4952,信光里
4953,慈文里
4954,瑞慶里
4955,經國里
4956,溪海里
4957,橫峰里
4958,青峰里
4959,埔心里
4960,大海里
4961,三石里
4962,菓林里
4963,內海里
4964,北港里
4965,白玉里
4966,武威里
4967,坑尾里
4968,藍埔里
4969,大堀里
4970,崙坪里
4971,富源里
4972,上大里
4973,新坡里
4974,塔腳里
4975,保障里
4976,草漯里
4977,草新里
4978,富林里
4979,新屋里
4980,石磊里
4981,九斗里
4982,頭洲里
4983,大坡里
4984,望間里
4985,蚵間里
4986,深圳里
4987,笨港里
4988,下田里
4989,赤欄里
4990,瑞塘里
4991,瑞坪里
4992,梅溪里
4993,瑞溪里
4994,金溪里
4995,楊明里
4996,裕成里
4997,裕新里
4998,楊梅里
4999,楊江里
5000,梅新里
5001,紅梅里
5002,大平里
5003,秀才里
5004,東流里
5005,豐野里
5006,富豐里
5007,員本里
5008,三湖里
5009,頭湖里
5010,上湖里
5011,上田里
5012,高山里
5013,高上里
5014,高榮里
5015,雙榮里
5016,瑞原里
5017,後寮里
5018,龍慈里
5019,龍昌里
5020,龍平里
5021,華愛里
5022,普仁里
5023,普忠里
5024,普強里
5025,普慶里
5026,普義里
5027,自治里
5028,內壢里
5029,內定里
5030,石頭里
5031,忠福里
5032,青埔里
5033,興國里
5034,興平里
5035,中壢里
5036,中建里
5037,舊明里
5038,芝芭里
5039,洽溪里
5040,過嶺里
5041,仁祥里
5042,華勛里
5043,中堅里
5044,篤行里
5045,平鎮里
5046,平南里
5047,山峰里
5048,湧光里
5049,湧豐里
5050,湧安里
5051,宋屋里
5052,廣達里
5053,廣仁里
5054,復旦里
5055,義興里
5056,高雙里
5057,新勢里
5058,新貴里
5059,金陵里
5060,北貴里
5061,北富里
5062,華安里
5063,東社里
5064,貿易里
5065,黃唐里
5066,烏樹林里
5067,百年里
5068,凌雲里
5069,聖德里
5070,龍星里
5071,上華里
5072,佳安里
5073,三坑里
5074,三林里
5075,建林里
5076,高平里
5077,渴望里
5078,三水里
5079,瑞泰里
5080,瑞發里
5081,廣隆里
5082,霄裡里
5083,龍友里
5084,茄明里
5085,高明里
5086,高城里
5087,白鷺里
5088,大發里
5089,大順里
5090,大信里
5091,大慶里
5092,大正里
5093,大強里
5094,大勇里
5095,大千里
5096,大漢里
5097,康安里
5098,美華里
5099,仁善里
5100,僑愛里
5101,仁文里
5102,瑞源里
5103,澤仁里
5104,霞雲里
5105,義盛里
5106,羅浮里
5107,奎輝里
5108,高義里
5109,華陵里
5110,柳溝村、疊溪村
5111,柴林村、林腳村、美北村
5112,線西村、頂庄村
5113,下犁村、頂犁村
5114,大有里、洛津里
5115,大崙村、元中村
5116,廈粘村、頂粘村
5117,埔心村、義民村、二重村
5118,東門村、義民村
5119,瓦南村、太平村、經口村
5120,東港村、西港村
5121,中和村、庄內村
5122,東興村、松竹村
5123,上豊村、過圳村
5124,修仁村、源泉村
5125,仁和村、泰安村
5126,南興村、南坑村
5127,東門里、西門里、南門里、北門里、古城里、金水里、珠沙里、賢庵里
5128,古寧村、安美村、后盤村、湖埔村、榜林村、盤山村
5129,上岐村、上林村、西口村、林湖村、黃埔村
5130,大坵村、小坵村
5131,新市里、山外里、正義里、料羅里、瓊林里、新湖里、溪湖里、蓮庵里
5132,汶沙里、三山里、大洋里、光前里、何斗里、西園里、官嶼里、浦山里
5133,寶山里、建山里
5134,月眉里、大愛里
5135,上洲里、鯤洲里、大山里、中洲里、南洲里
5136,合和里、東門里
5137,祿興里、中壇里
5138,廣德里、興隆里
5139,崗山里、玉庫里
5140,港後里、和蓮里
5141,崗山里、復安里
5142,檨腳里、興山里、大樹里
5143,大坑里、三和里
5144,福德里、白雲里
5145,嘉安里、嘉樂里、嘉泰里、嘉福里、和協里
5146,嘉定里、保定里、大定里
5147,海山里、劉家里
5148,大湖里、田尾里
5149,文賢里、中賢里
5150,逸賢里、忠興里
5151,竹滬里、頂寮里、新達里
5152,社西里、社東里
5153,甲北里、甲南里
5154,下坑里、竹園里
5155,後鄉里、文南里
5156,北嶺里、三爺里、鴨寮里
5157,永安里、新港里
5158,平安里、維仁里
5159,後協里、為隨里
5160,同安里、大舍里
5161,禮蚵里、智蚵里
5162,橋頭里、橋南里
5163,甲北里、頂鹽里
5164,清豐里、東寧里、五常里、享平里、中陽里、惠楠里、惠民里、惠豐里
5165,錦屏里、玉屏里、金田里、稔田里、瑞屏里、翠屏里、宏南里、宏毅里、宏榮里
5166,廣昌里、久昌里、大昌里、福昌里、泰昌里、建昌里、宏昌里、和昌里、慶昌里、隆昌里、秀昌里、加昌里
5167,盛昌里、興昌里、裕昌里、國昌里、仁昌里、藍田里、中興里、中和里
5168,屏山里、祥和里、永清里、莒光里、光輝里、合群里、明建里
5169,進學里、尾西里、頂北里、中北里、中南里、廟東里、廟北里、尾南里、尾北里、頂西里、聖后里、聖西里、聖南里、城南里、路東里、廍北里、廍南里、埤西里、埤北里、埤東里、海勝里、崇實里、自助里、果貿里、果惠里、果峰里
5170,新下里、新上里、新中里、新光里
5171,菜公里、福山里
5172,仁和里、仁慈里
5173,鳥松里、夢裡里、大華里
5174,坔埔里、仁美里、大竹里、華美里
5175,大寮里、上寮里
5176,潮寮里、會結里
5177,溪寮里、江山里
5178,忠義里、中興里
5179,林家里、龔厝里
5180,東汕里、西汕里
5181,鼎金里、鼎盛里、鼎強里、鼎力里、鼎西里、鼎中里、鼎泰里
5182,本館里、本和里、本文里、灣子里、灣愛里、灣中里、灣華里、灣勝里、灣利里、灣復里、灣興里、灣成里
5183,本武里、本元里、本安里、本上里、本揚里、寶獅里、寶德里、寶泰里、寶華里、寶國里、寶民里、寶慶里、寶業里、寶玉里
5184,寶興里、寶中里、寶盛里、寶安里、寶龍里、寶珠里、正興里、正順里、安康里、安寧里、安吉里、安發里
5185,安東里、安和里、達德里、達明里、達仁里、達勇里、同德里、德智里、德仁里、安生里、德東里、德行里、精華里、民享里、安宜里、安泰里、安邦里、十全里、十美里、德北里、立誠里、立業里、港東里、港新里、港西里、博愛里、博惠里、長明里、建東里、興德里、鳳南里、鳳北里、德西里、豐裕里、川東里、裕民里、力行里、千歲里、立德里、千北里、千秋里
5186,安祥里、五權里、民主里、五福里、正心里、正道里、文昌里、建軍里
5187,博仁里、苓洲里、苓昇里、苓中里、苓雅里、苓東里、城北里、城西里、城東里、意誠里、鼓中里、田西里、人和里、仁政里、廣澤里、美田里、華堂里、日中里、普照里、和煦里、晴朗里、普天里、林富里、林圍里、林安里、光華里、林興里、林華里、林西里、林中里、林泉里、林南里、中正里、尚義里、同慶里、凱旋里、林德里、林貴里、林榮里、英明里
5188,鼓峰里、雄峰里、前峰里、光榮里、民族里、內惟里、建國里、忠正里、自強里、龍井里、正德里、平和里、民強里、龍水里
5189,龍子里、明誠里、華豐里、裕興里、裕豐里
5190,厚生里、鼓岩里、樹德里、寶樹里、興宗里、光化里、山下里、河邊里、綠川里、登山里、峰南里、麗興里、新民里、延平里、維生里、惠安里、壽山里、哨船頭里、桃源里
5191,藍橋里、慈愛里、博愛里、壽星里、中山里、教仁里、新樂里、中原里、光明里、育仁里、河濱里、沙地里、南端里、港都里、江西里、新豐里、府北里、陸橋里、瀨南里、新化里、江南里
5192,三川里、草江里、長城里、北金里、東金里、新生里、後金里、長興里、青山里、民生里、復元里、林投里、國民里、社東里、社西里、博孝里、長生里、榮復里、文西里、文東里
5193,浩然里、振成里、德生里、振華里、正氣里、德政里、仁聲里、德望里、華聲里、蕉園里、永寧里、玉衡里、順昌里、文昌里、光耀里、興昌里、開平里、成功里、新江里、黎明里、愛平里、南港里、中東里、明莊里、大明里、秋山里、長驛里、建興里、建華里、漢民里、榮治里、東坡里
5194,成功里、鳳崗里、鎮北里、文德里
5195,縣口里、光明里、興中里、南興里、和德里、中和里、縣衙里、文英里、鎮西里、鎮東里、瑞竹里、誠義里、新興里、海光里、忠誠里、曹公里、興仁里、生明里、和興里、協和里、誠德里、三民里、北門里、武松里、文衡里
5196,東門里、瑞興里、誠信里
5197,國泰里、國光里、國隆里、國富里
5198,武漢里、武慶里
5199,新甲里、新武里、新樂里、新泰里
5200,新強里、新富里、海洋里
5201,老爺里、中崙里、中民里
5202,正義里、一甲里、二甲里、保安里
5203,鎮南里、富甲里、龍成里
5204,富榮里、善美里、南和里
5205,五福里、福誠里、福祥里
5206,福興里、天興里、南成里、大德里
5207,旗下里、永安里、振興里、慈愛里、復興里、中華里、實踐里、北汕里、南汕里、上竹里、中洲里、安順里、中興里
5208,明孝里、明正里、明義里、仁愛里、平等里、平昌里、明禮里、明道里
5209,德昌里、信義里、信德里、興化里、興仁里、前鎮里、鎮東里、鎮榮里、鎮昌里、鎮海里、鎮陽里、興邦里、鎮中里、鎮北里、忠純里、忠誠里、西山里、民權里、建隆里、振興里、良和里、西甲里
5210,盛興里、盛豐里、興中里、興東里、忠孝里、復國里、竹內里、竹東里、竹南里、竹北里、竹西里、竹中里、瑞竹里、瑞南里、瑞豐里、瑞祥里、瑞東里、瑞和里、瑞平里、瑞隆里、瑞北里、瑞西里、瑞崗里、瑞興里、瑞誠里、瑞文里、瑞華里、瑞昌里
5211,小港里、港口里、港正里、港墘里、港明里、港后里、港南里、港興里
5212,鳳宮里、店鎮里、大苓里、二苓里、三苓里、正苓里、順苓里、六苓里、宏亮里
5213,山東里、青島里、濟南里、泰山里
5214,山明里、松金里
5215,高松里、松山里、大坪里、坪頂里、孔宅里、廈莊里、合作里、桂林里、中厝里
5216,鳳鳴里、龍鳳里、鳳森里、鳳林里、鳳興里、鳳源里
5217,桃源里、勤和里、拉芙蘭里
5218,石安里、青旗里
5219,奏捷里、福壽里、福南里、林靖里、朝陽里、福隆里、福祥里、福海里、福康里、福人里、福地里、福居里、福東里、福西里、永康里、正文里、正言里、正大里、正義里、正仁里、衛武里
5220,復興里、長安里、中央里、啟明里、重慶里、中興里、光復里、光榮里、光明里、朝陽里、陽明里、重光里、西衛里、虎井里、桶盤里
5221,西文里、東文里、案山里、光華里、前寮里、石泉里、菜園里、東衛里、安宅里、烏崁里、興仁里
5222,鐵線里、山水里、鎖港里、五德里、井垵里、嵵裡里、風櫃里
5223,湖西村、湖東村、青螺村、白坑村、南寮村、北寮村、紅羅村、西溪村、太武村、隘門村、林投村、尖山村、龍門村、菓葉村
5224,成功村、東石村、中西村、潭邊村、鼎灣村、許家村、沙港村、城北村
5225,中屯村、鎮海村、小赤村、赤崁村、通梁村、吉貝村、鳥嶼村、大倉村
5226,橫礁村、合界村、竹灣村、大池村、池東村、池西村、內垵村、外垵村
5227,東湖村、西湖村、中和村、平和村、南港村
